filename,font,text,font_size,text_color
font_0_sample_0_size_16.png,Arial,Neural networks,16,"RGB(0, 64, 136)"
font_0_sample_1_size_16.png,Arial,Neural networks,16,"RGB(107, 65, 57)"
font_0_sample_2_size_16.png,Arial,Deep learning,16,"RGB(112, 29, 154)"
font_0_sample_3_size_16.png,Arial,Computer vision,16,"RGB(132, 51, 168)"
font_0_sample_4_size_16.png,Arial,Neural networks,16,"RGB(31, 135, 131)"
font_0_sample_5_size_16.png,Arial,Computer vision,16,"RGB(40, 111, 3)"
font_0_sample_6_size_16.png,Arial,Computer vision,16,"RGB(109, 38, 16)"
font_0_sample_7_size_16.png,Arial,Artificial intelligence,16,"RGB(1, 99, 174)"
font_0_sample_8_size_16.png,Arial,Artificial intelligence,16,"RGB(133, 106, 67)"
font_0_sample_9_size_16.png,Arial,Computer vision,16,"RGB(51, 8, 102)"
font_0_sample_10_size_16.png,Arial,Natural language processing,16,"RGB(70, 3, 62)"
font_0_sample_11_size_16.png,Arial,Computer vision,16,"RGB(80, 31, 34)"
font_0_sample_12_size_16.png,Arial,Natural language processing,16,"RGB(39, 57, 49)"
font_0_sample_13_size_16.png,Arial,Artificial intelligence,16,"RGB(156, 54, 26)"
font_0_sample_14_size_16.png,Arial,Natural language processing,16,"RGB(15, 53, 61)"
font_0_sample_15_size_16.png,Arial,Natural language processing,16,"RGB(21, 190, 197)"
font_0_sample_16_size_16.png,Arial,Neural networks,16,"RGB(87, 158, 32)"
font_0_sample_17_size_16.png,Arial,Deep learning,16,"RGB(47, 194, 171)"
font_0_sample_18_size_16.png,Arial,Deep learning,16,"RGB(85, 42, 163)"
font_0_sample_19_size_16.png,Arial,Natural language processing,16,"RGB(111, 168, 137)"
font_0_sample_20_size_16.png,Arial,Artificial intelligence,16,"RGB(75, 122, 15)"
font_0_sample_21_size_16.png,Arial,Deep learning,16,"RGB(155, 200, 78)"
font_0_sample_22_size_16.png,Arial,Deep learning,16,"RGB(193, 192, 31)"
font_0_sample_23_size_16.png,Arial,Neural networks,16,"RGB(187, 38, 187)"
font_0_sample_24_size_16.png,Arial,Deep learning,16,"RGB(20, 79, 82)"
font_0_sample_25_size_16.png,Arial,Neural networks,16,"RGB(65, 1, 144)"
font_0_sample_26_size_16.png,Arial,Computer vision,16,"RGB(137, 116, 21)"
font_0_sample_27_size_16.png,Arial,Deep learning,16,"RGB(140, 122, 87)"
font_0_sample_28_size_16.png,Arial,Natural language processing,16,"RGB(6, 158, 161)"
font_0_sample_29_size_16.png,Arial,Natural language processing,16,"RGB(92, 43, 117)"
font_0_sample_30_size_16.png,Arial,Natural language processing,16,"RGB(179, 110, 107)"
font_0_sample_31_size_16.png,Arial,Computer vision,16,"RGB(173, 7, 15)"
font_0_sample_32_size_16.png,Arial,Computer vision,16,"RGB(42, 196, 116)"
font_0_sample_33_size_16.png,Arial,Artificial intelligence,16,"RGB(117, 136, 104)"
font_0_sample_34_size_16.png,Arial,Computer vision,16,"RGB(105, 155, 133)"
font_0_sample_35_size_16.png,Arial,Deep learning,16,"RGB(184, 188, 185)"
font_0_sample_36_size_16.png,Arial,Natural language processing,16,"RGB(177, 191, 141)"
font_0_sample_37_size_16.png,Arial,Deep learning,16,"RGB(28, 6, 14)"
font_0_sample_38_size_16.png,Arial,Deep learning,16,"RGB(103, 190, 72)"
font_0_sample_39_size_16.png,Arial,Deep learning,16,"RGB(82, 70, 109)"
font_0_sample_40_size_16.png,Arial,Computer vision,16,"RGB(149, 102, 23)"
font_0_sample_41_size_16.png,Arial,Deep learning,16,"RGB(127, 157, 103)"
font_0_sample_42_size_16.png,Arial,Artificial intelligence,16,"RGB(115, 138, 96)"
font_0_sample_43_size_16.png,Arial,Natural language processing,16,"RGB(167, 139, 75)"
font_0_sample_44_size_16.png,Arial,Natural language processing,16,"RGB(169, 17, 3)"
font_0_sample_45_size_16.png,Arial,Deep learning,16,"RGB(119, 80, 30)"
font_0_sample_46_size_16.png,Arial,Artificial intelligence,16,"RGB(34, 135, 153)"
font_0_sample_47_size_16.png,Arial,Deep learning,16,"RGB(3, 62, 105)"
font_0_sample_48_size_16.png,Arial,Natural language processing,16,"RGB(57, 96, 75)"
font_0_sample_49_size_16.png,Arial,Deep learning,16,"RGB(112, 162, 93)"
font_0_sample_50_size_16.png,Arial,Deep learning,16,"RGB(126, 101, 183)"
font_0_sample_51_size_16.png,Arial,Natural language processing,16,"RGB(185, 153, 162)"
font_0_sample_52_size_16.png,Arial,Artificial intelligence,16,"RGB(108, 136, 109)"
font_0_sample_53_size_16.png,Arial,Natural language processing,16,"RGB(155, 60, 67)"
font_0_sample_54_size_16.png,Arial,Neural networks,16,"RGB(179, 152, 16)"
font_0_sample_55_size_16.png,Arial,Natural language processing,16,"RGB(85, 1, 35)"
font_0_sample_56_size_16.png,Arial,Deep learning,16,"RGB(22, 96, 144)"
font_0_sample_57_size_16.png,Arial,Natural language processing,16,"RGB(89, 81, 44)"
font_0_sample_58_size_16.png,Arial,Natural language processing,16,"RGB(30, 67, 49)"
font_0_sample_59_size_16.png,Arial,Deep learning,16,"RGB(183, 88, 73)"
font_0_sample_60_size_16.png,Arial,Computer vision,16,"RGB(97, 192, 73)"
font_0_sample_61_size_16.png,Arial,Computer vision,16,"RGB(36, 168, 130)"
font_0_sample_62_size_16.png,Arial,Artificial intelligence,16,"RGB(90, 102, 123)"
font_0_sample_63_size_16.png,Arial,Natural language processing,16,"RGB(138, 175, 140)"
font_0_sample_64_size_16.png,Arial,Neural networks,16,"RGB(129, 10, 77)"
font_0_sample_65_size_16.png,Arial,Deep learning,16,"RGB(159, 131, 192)"
font_0_sample_66_size_16.png,Arial,Neural networks,16,"RGB(185, 56, 8)"
font_0_sample_0_size_24.png,Arial,Artificial intelligence,24,"RGB(93, 43, 189)"
font_0_sample_1_size_24.png,Arial,Natural language processing,24,"RGB(175, 45, 159)"
font_0_sample_2_size_24.png,Arial,Neural networks,24,"RGB(116, 140, 131)"
font_0_sample_3_size_24.png,Arial,Computer vision,24,"RGB(166, 38, 167)"
font_0_sample_4_size_24.png,Arial,Computer vision,24,"RGB(186, 20, 10)"
font_0_sample_5_size_24.png,Arial,Artificial intelligence,24,"RGB(142, 79, 183)"
font_0_sample_6_size_24.png,Arial,Deep learning,24,"RGB(25, 123, 21)"
font_0_sample_7_size_24.png,Arial,Neural networks,24,"RGB(185, 29, 107)"
font_0_sample_8_size_24.png,Arial,Deep learning,24,"RGB(192, 126, 8)"
font_0_sample_9_size_24.png,Arial,Deep learning,24,"RGB(44, 112, 166)"
font_0_sample_10_size_24.png,Arial,Deep learning,24,"RGB(173, 66, 71)"
font_0_sample_11_size_24.png,Arial,Artificial intelligence,24,"RGB(195, 148, 51)"
font_0_sample_12_size_24.png,Arial,Artificial intelligence,24,"RGB(68, 176, 149)"
font_0_sample_13_size_24.png,Arial,Natural language processing,24,"RGB(34, 200, 55)"
font_0_sample_14_size_24.png,Arial,Neural networks,24,"RGB(161, 123, 40)"
font_0_sample_15_size_24.png,Arial,Neural networks,24,"RGB(45, 41, 125)"
font_0_sample_16_size_24.png,Arial,Computer vision,24,"RGB(75, 80, 32)"
font_0_sample_17_size_24.png,Arial,Deep learning,24,"RGB(148, 167, 193)"
font_0_sample_18_size_24.png,Arial,Neural networks,24,"RGB(175, 76, 109)"
font_0_sample_19_size_24.png,Arial,Deep learning,24,"RGB(50, 34, 103)"
font_0_sample_20_size_24.png,Arial,Computer vision,24,"RGB(103, 66, 48)"
font_0_sample_21_size_24.png,Arial,Neural networks,24,"RGB(161, 145, 75)"
font_0_sample_22_size_24.png,Arial,Artificial intelligence,24,"RGB(33, 178, 197)"
font_0_sample_23_size_24.png,Arial,Artificial intelligence,24,"RGB(122, 28, 57)"
font_0_sample_24_size_24.png,Arial,Neural networks,24,"RGB(199, 108, 14)"
font_0_sample_25_size_24.png,Arial,Computer vision,24,"RGB(65, 113, 125)"
font_0_sample_26_size_24.png,Arial,Deep learning,24,"RGB(185, 44, 163)"
font_0_sample_27_size_24.png,Arial,Artificial intelligence,24,"RGB(56, 95, 70)"
font_0_sample_28_size_24.png,Arial,Computer vision,24,"RGB(114, 76, 178)"
font_0_sample_29_size_24.png,Arial,Deep learning,24,"RGB(86, 159, 15)"
font_0_sample_30_size_24.png,Arial,Neural networks,24,"RGB(21, 171, 48)"
font_0_sample_31_size_24.png,Arial,Neural networks,24,"RGB(187, 2, 9)"
font_0_sample_32_size_24.png,Arial,Neural networks,24,"RGB(52, 156, 116)"
font_0_sample_33_size_24.png,Arial,Artificial intelligence,24,"RGB(73, 139, 58)"
font_0_sample_34_size_24.png,Arial,Natural language processing,24,"RGB(81, 99, 109)"
font_0_sample_35_size_24.png,Arial,Natural language processing,24,"RGB(38, 168, 183)"
font_0_sample_36_size_24.png,Arial,Neural networks,24,"RGB(148, 87, 180)"
font_0_sample_37_size_24.png,Arial,Computer vision,24,"RGB(76, 104, 179)"
font_0_sample_38_size_24.png,Arial,Neural networks,24,"RGB(25, 24, 70)"
font_0_sample_39_size_24.png,Arial,Deep learning,24,"RGB(35, 54, 148)"
font_0_sample_40_size_24.png,Arial,Computer vision,24,"RGB(48, 149, 157)"
font_0_sample_41_size_24.png,Arial,Computer vision,24,"RGB(102, 44, 42)"
font_0_sample_42_size_24.png,Arial,Neural networks,24,"RGB(76, 163, 1)"
font_0_sample_43_size_24.png,Arial,Computer vision,24,"RGB(90, 55, 89)"
font_0_sample_44_size_24.png,Arial,Computer vision,24,"RGB(16, 95, 123)"
font_0_sample_45_size_24.png,Arial,Natural language processing,24,"RGB(113, 188, 191)"
font_0_sample_46_size_24.png,Arial,Natural language processing,24,"RGB(126, 114, 186)"
font_0_sample_47_size_24.png,Arial,Deep learning,24,"RGB(153, 127, 173)"
font_0_sample_48_size_24.png,Arial,Computer vision,24,"RGB(101, 137, 76)"
font_0_sample_49_size_24.png,Arial,Natural language processing,24,"RGB(131, 60, 57)"
font_0_sample_50_size_24.png,Arial,Computer vision,24,"RGB(5, 120, 85)"
font_0_sample_51_size_24.png,Arial,Artificial intelligence,24,"RGB(43, 193, 54)"
font_0_sample_52_size_24.png,Arial,Computer vision,24,"RGB(119, 155, 164)"
font_0_sample_53_size_24.png,Arial,Artificial intelligence,24,"RGB(196, 43, 135)"
font_0_sample_54_size_24.png,Arial,Deep learning,24,"RGB(73, 157, 160)"
font_0_sample_55_size_24.png,Arial,Artificial intelligence,24,"RGB(196, 138, 87)"
font_0_sample_56_size_24.png,Arial,Natural language processing,24,"RGB(120, 5, 8)"
font_0_sample_57_size_24.png,Arial,Artificial intelligence,24,"RGB(61, 3, 14)"
font_0_sample_58_size_24.png,Arial,Deep learning,24,"RGB(60, 154, 71)"
font_0_sample_59_size_24.png,Arial,Deep learning,24,"RGB(25, 73, 4)"
font_0_sample_60_size_24.png,Arial,Computer vision,24,"RGB(10, 167, 25)"
font_0_sample_61_size_24.png,Arial,Computer vision,24,"RGB(34, 172, 128)"
font_0_sample_62_size_24.png,Arial,Neural networks,24,"RGB(120, 87, 197)"
font_0_sample_63_size_24.png,Arial,Natural language processing,24,"RGB(29, 77, 118)"
font_0_sample_64_size_24.png,Arial,Artificial intelligence,24,"RGB(95, 123, 99)"
font_0_sample_65_size_24.png,Arial,Neural networks,24,"RGB(51, 53, 113)"
font_0_sample_66_size_24.png,Arial,Neural networks,24,"RGB(159, 12, 0)"
font_0_sample_0_size_32.png,Arial,Computer vision,32,"RGB(72, 131, 14)"
font_0_sample_1_size_32.png,Arial,Natural language processing,32,"RGB(20, 88, 142)"
font_0_sample_2_size_32.png,Arial,Natural language processing,32,"RGB(148, 46, 160)"
font_0_sample_3_size_32.png,Arial,Computer vision,32,"RGB(60, 71, 145)"
font_0_sample_4_size_32.png,Arial,Neural networks,32,"RGB(158, 1, 132)"
font_0_sample_5_size_32.png,Arial,Deep learning,32,"RGB(82, 129, 2)"
font_0_sample_6_size_32.png,Arial,Computer vision,32,"RGB(160, 28, 133)"
font_0_sample_7_size_32.png,Arial,Artificial intelligence,32,"RGB(71, 162, 70)"
font_0_sample_8_size_32.png,Arial,Neural networks,32,"RGB(146, 195, 3)"
font_0_sample_9_size_32.png,Arial,Natural language processing,32,"RGB(18, 123, 113)"
font_0_sample_10_size_32.png,Arial,Computer vision,32,"RGB(114, 74, 43)"
font_0_sample_11_size_32.png,Arial,Deep learning,32,"RGB(167, 118, 108)"
font_0_sample_12_size_32.png,Arial,Neural networks,32,"RGB(176, 153, 103)"
font_0_sample_13_size_32.png,Arial,Deep learning,32,"RGB(140, 43, 101)"
font_0_sample_14_size_32.png,Arial,Deep learning,32,"RGB(196, 200, 136)"
font_0_sample_15_size_32.png,Arial,Computer vision,32,"RGB(53, 25, 6)"
font_0_sample_16_size_32.png,Arial,Deep learning,32,"RGB(78, 136, 28)"
font_0_sample_17_size_32.png,Arial,Computer vision,32,"RGB(26, 138, 174)"
font_0_sample_18_size_32.png,Arial,Deep learning,32,"RGB(26, 149, 188)"
font_0_sample_19_size_32.png,Arial,Computer vision,32,"RGB(190, 163, 152)"
font_0_sample_20_size_32.png,Arial,Neural networks,32,"RGB(50, 168, 25)"
font_0_sample_21_size_32.png,Arial,Computer vision,32,"RGB(4, 37, 162)"
font_0_sample_22_size_32.png,Arial,Natural language processing,32,"RGB(64, 156, 121)"
font_0_sample_23_size_32.png,Arial,Natural language processing,32,"RGB(109, 112, 111)"
font_0_sample_24_size_32.png,Arial,Deep learning,32,"RGB(116, 189, 56)"
font_0_sample_25_size_32.png,Arial,Neural networks,32,"RGB(58, 173, 67)"
font_0_sample_26_size_32.png,Arial,Artificial intelligence,32,"RGB(132, 135, 198)"
font_0_sample_27_size_32.png,Arial,Neural networks,32,"RGB(82, 167, 62)"
font_0_sample_28_size_32.png,Arial,Natural language processing,32,"RGB(107, 4, 177)"
font_0_sample_29_size_32.png,Arial,Artificial intelligence,32,"RGB(4, 181, 167)"
font_0_sample_30_size_32.png,Arial,Artificial intelligence,32,"RGB(93, 3, 103)"
font_0_sample_31_size_32.png,Arial,Artificial intelligence,32,"RGB(146, 91, 104)"
font_0_sample_32_size_32.png,Arial,Artificial intelligence,32,"RGB(69, 113, 109)"
font_0_sample_33_size_32.png,Arial,Neural networks,32,"RGB(77, 140, 9)"
font_0_sample_34_size_32.png,Arial,Deep learning,32,"RGB(92, 30, 93)"
font_0_sample_35_size_32.png,Arial,Computer vision,32,"RGB(22, 72, 112)"
font_0_sample_36_size_32.png,Arial,Computer vision,32,"RGB(171, 173, 139)"
font_0_sample_37_size_32.png,Arial,Neural networks,32,"RGB(20, 198, 172)"
font_0_sample_38_size_32.png,Arial,Deep learning,32,"RGB(54, 62, 8)"
font_0_sample_39_size_32.png,Arial,Artificial intelligence,32,"RGB(48, 96, 198)"
font_0_sample_40_size_32.png,Arial,Deep learning,32,"RGB(37, 161, 19)"
font_0_sample_41_size_32.png,Arial,Neural networks,32,"RGB(150, 71, 21)"
font_0_sample_42_size_32.png,Arial,Natural language processing,32,"RGB(159, 66, 148)"
font_0_sample_43_size_32.png,Arial,Artificial intelligence,32,"RGB(94, 186, 131)"
font_0_sample_44_size_32.png,Arial,Neural networks,32,"RGB(51, 154, 183)"
font_0_sample_45_size_32.png,Arial,Neural networks,32,"RGB(148, 4, 17)"
font_0_sample_46_size_32.png,Arial,Deep learning,32,"RGB(43, 200, 113)"
font_0_sample_47_size_32.png,Arial,Computer vision,32,"RGB(88, 161, 189)"
font_0_sample_48_size_32.png,Arial,Artificial intelligence,32,"RGB(34, 171, 66)"
font_0_sample_49_size_32.png,Arial,Computer vision,32,"RGB(135, 18, 116)"
font_0_sample_50_size_32.png,Arial,Neural networks,32,"RGB(31, 52, 25)"
font_0_sample_51_size_32.png,Arial,Computer vision,32,"RGB(82, 145, 193)"
font_0_sample_52_size_32.png,Arial,Computer vision,32,"RGB(78, 195, 29)"
font_0_sample_53_size_32.png,Arial,Natural language processing,32,"RGB(42, 97, 93)"
font_0_sample_54_size_32.png,Arial,Neural networks,32,"RGB(110, 169, 33)"
font_0_sample_55_size_32.png,Arial,Neural networks,32,"RGB(157, 132, 84)"
font_0_sample_56_size_32.png,Arial,Computer vision,32,"RGB(131, 117, 143)"
font_0_sample_57_size_32.png,Arial,Deep learning,32,"RGB(87, 99, 69)"
font_0_sample_58_size_32.png,Arial,Natural language processing,32,"RGB(165, 56, 117)"
font_0_sample_59_size_32.png,Arial,Deep learning,32,"RGB(184, 175, 49)"
font_0_sample_60_size_32.png,Arial,Computer vision,32,"RGB(38, 145, 115)"
font_0_sample_61_size_32.png,Arial,Deep learning,32,"RGB(101, 129, 147)"
font_0_sample_62_size_32.png,Arial,Deep learning,32,"RGB(47, 53, 72)"
font_0_sample_63_size_32.png,Arial,Computer vision,32,"RGB(49, 33, 136)"
font_0_sample_64_size_32.png,Arial,Artificial intelligence,32,"RGB(97, 88, 45)"
font_0_sample_65_size_32.png,Arial,Computer vision,32,"RGB(144, 156, 13)"
font_0_sample_66_size_32.png,Arial,Deep learning,32,"RGB(109, 88, 133)"
font_1_sample_0_size_16.png,Times New Roman,Natural language processing,16,"RGB(5, 165, 89)"
font_1_sample_1_size_16.png,Times New Roman,Natural language processing,16,"RGB(137, 67, 105)"
font_1_sample_2_size_16.png,Times New Roman,Neural networks,16,"RGB(133, 190, 84)"
font_1_sample_3_size_16.png,Times New Roman,Natural language processing,16,"RGB(159, 23, 189)"
font_1_sample_4_size_16.png,Times New Roman,Neural networks,16,"RGB(43, 76, 89)"
font_1_sample_5_size_16.png,Times New Roman,Deep learning,16,"RGB(142, 111, 174)"
font_1_sample_6_size_16.png,Times New Roman,Artificial intelligence,16,"RGB(193, 26, 81)"
font_1_sample_7_size_16.png,Times New Roman,Computer vision,16,"RGB(50, 107, 102)"
font_1_sample_8_size_16.png,Times New Roman,Artificial intelligence,16,"RGB(59, 53, 116)"
font_1_sample_9_size_16.png,Times New Roman,Neural networks,16,"RGB(135, 189, 176)"
font_1_sample_10_size_16.png,Times New Roman,Natural language processing,16,"RGB(166, 182, 172)"
font_1_sample_11_size_16.png,Times New Roman,Artificial intelligence,16,"RGB(35, 115, 114)"
font_1_sample_12_size_16.png,Times New Roman,Deep learning,16,"RGB(101, 27, 49)"
font_1_sample_13_size_16.png,Times New Roman,Neural networks,16,"RGB(87, 71, 109)"
font_1_sample_14_size_16.png,Times New Roman,Natural language processing,16,"RGB(56, 182, 75)"
font_1_sample_15_size_16.png,Times New Roman,Deep learning,16,"RGB(122, 168, 33)"
font_1_sample_16_size_16.png,Times New Roman,Artificial intelligence,16,"RGB(190, 75, 92)"
font_1_sample_17_size_16.png,Times New Roman,Deep learning,16,"RGB(10, 15, 56)"
font_1_sample_18_size_16.png,Times New Roman,Computer vision,16,"RGB(16, 93, 92)"
font_1_sample_19_size_16.png,Times New Roman,Natural language processing,16,"RGB(52, 125, 47)"
font_1_sample_20_size_16.png,Times New Roman,Artificial intelligence,16,"RGB(177, 135, 123)"
font_1_sample_21_size_16.png,Times New Roman,Deep learning,16,"RGB(129, 145, 77)"
font_1_sample_22_size_16.png,Times New Roman,Neural networks,16,"RGB(27, 185, 100)"
font_1_sample_23_size_16.png,Times New Roman,Deep learning,16,"RGB(181, 47, 169)"
font_1_sample_24_size_16.png,Times New Roman,Artificial intelligence,16,"RGB(77, 128, 95)"
font_1_sample_25_size_16.png,Times New Roman,Deep learning,16,"RGB(57, 20, 119)"
font_1_sample_26_size_16.png,Times New Roman,Artificial intelligence,16,"RGB(198, 126, 178)"
font_1_sample_27_size_16.png,Times New Roman,Neural networks,16,"RGB(16, 172, 116)"
font_1_sample_28_size_16.png,Times New Roman,Computer vision,16,"RGB(70, 61, 127)"
font_1_sample_29_size_16.png,Times New Roman,Neural networks,16,"RGB(105, 161, 112)"
font_1_sample_30_size_16.png,Times New Roman,Deep learning,16,"RGB(135, 24, 129)"
font_1_sample_31_size_16.png,Times New Roman,Artificial intelligence,16,"RGB(200, 106, 45)"
font_1_sample_32_size_16.png,Times New Roman,Deep learning,16,"RGB(148, 103, 66)"
font_1_sample_33_size_16.png,Times New Roman,Computer vision,16,"RGB(83, 16, 35)"
font_1_sample_34_size_16.png,Times New Roman,Computer vision,16,"RGB(123, 135, 91)"
font_1_sample_35_size_16.png,Times New Roman,Deep learning,16,"RGB(129, 63, 48)"
font_1_sample_36_size_16.png,Times New Roman,Artificial intelligence,16,"RGB(173, 127, 121)"
font_1_sample_37_size_16.png,Times New Roman,Artificial intelligence,16,"RGB(93, 152, 51)"
font_1_sample_38_size_16.png,Times New Roman,Deep learning,16,"RGB(10, 191, 145)"
font_1_sample_39_size_16.png,Times New Roman,Natural language processing,16,"RGB(148, 34, 153)"
font_1_sample_40_size_16.png,Times New Roman,Artificial intelligence,16,"RGB(1, 160, 124)"
font_1_sample_41_size_16.png,Times New Roman,Artificial intelligence,16,"RGB(42, 124, 56)"
font_1_sample_42_size_16.png,Times New Roman,Deep learning,16,"RGB(26, 66, 75)"
font_1_sample_43_size_16.png,Times New Roman,Computer vision,16,"RGB(139, 107, 169)"
font_1_sample_44_size_16.png,Times New Roman,Computer vision,16,"RGB(170, 107, 117)"
font_1_sample_45_size_16.png,Times New Roman,Artificial intelligence,16,"RGB(188, 36, 98)"
font_1_sample_46_size_16.png,Times New Roman,Natural language processing,16,"RGB(146, 179, 158)"
font_1_sample_47_size_16.png,Times New Roman,Neural networks,16,"RGB(113, 116, 189)"
font_1_sample_48_size_16.png,Times New Roman,Computer vision,16,"RGB(191, 157, 4)"
font_1_sample_49_size_16.png,Times New Roman,Artificial intelligence,16,"RGB(34, 28, 58)"
font_1_sample_50_size_16.png,Times New Roman,Artificial intelligence,16,"RGB(42, 42, 44)"
font_1_sample_51_size_16.png,Times New Roman,Deep learning,16,"RGB(84, 110, 23)"
font_1_sample_52_size_16.png,Times New Roman,Deep learning,16,"RGB(179, 159, 16)"
font_1_sample_53_size_16.png,Times New Roman,Neural networks,16,"RGB(168, 24, 186)"
font_1_sample_54_size_16.png,Times New Roman,Natural language processing,16,"RGB(20, 12, 9)"
font_1_sample_55_size_16.png,Times New Roman,Artificial intelligence,16,"RGB(20, 103, 16)"
font_1_sample_56_size_16.png,Times New Roman,Natural language processing,16,"RGB(32, 130, 83)"
font_1_sample_57_size_16.png,Times New Roman,Neural networks,16,"RGB(87, 80, 148)"
font_1_sample_58_size_16.png,Times New Roman,Computer vision,16,"RGB(130, 111, 102)"
font_1_sample_59_size_16.png,Times New Roman,Computer vision,16,"RGB(132, 48, 0)"
font_1_sample_60_size_16.png,Times New Roman,Artificial intelligence,16,"RGB(172, 14, 98)"
font_1_sample_61_size_16.png,Times New Roman,Computer vision,16,"RGB(21, 1, 88)"
font_1_sample_62_size_16.png,Times New Roman,Computer vision,16,"RGB(44, 111, 181)"
font_1_sample_63_size_16.png,Times New Roman,Natural language processing,16,"RGB(170, 18, 169)"
font_1_sample_64_size_16.png,Times New Roman,Artificial intelligence,16,"RGB(50, 103, 198)"
font_1_sample_65_size_16.png,Times New Roman,Neural networks,16,"RGB(154, 109, 91)"
font_1_sample_66_size_16.png,Times New Roman,Neural networks,16,"RGB(8, 87, 21)"
font_1_sample_0_size_24.png,Times New Roman,Deep learning,24,"RGB(188, 170, 164)"
font_1_sample_1_size_24.png,Times New Roman,Artificial intelligence,24,"RGB(55, 76, 133)"
font_1_sample_2_size_24.png,Times New Roman,Neural networks,24,"RGB(130, 177, 104)"
font_1_sample_3_size_24.png,Times New Roman,Deep learning,24,"RGB(57, 19, 72)"
font_1_sample_4_size_24.png,Times New Roman,Computer vision,24,"RGB(38, 96, 9)"
font_1_sample_5_size_24.png,Times New Roman,Natural language processing,24,"RGB(115, 37, 144)"
font_1_sample_6_size_24.png,Times New Roman,Neural networks,24,"RGB(187, 123, 132)"
font_1_sample_7_size_24.png,Times New Roman,Deep learning,24,"RGB(117, 200, 12)"
font_1_sample_8_size_24.png,Times New Roman,Artificial intelligence,24,"RGB(154, 161, 2)"
font_1_sample_9_size_24.png,Times New Roman,Computer vision,24,"RGB(68, 154, 60)"
font_1_sample_10_size_24.png,Times New Roman,Computer vision,24,"RGB(180, 133, 193)"
font_1_sample_11_size_24.png,Times New Roman,Computer vision,24,"RGB(63, 160, 99)"
font_1_sample_12_size_24.png,Times New Roman,Computer vision,24,"RGB(16, 143, 132)"
font_1_sample_13_size_24.png,Times New Roman,Natural language processing,24,"RGB(13, 60, 137)"
font_1_sample_14_size_24.png,Times New Roman,Natural language processing,24,"RGB(143, 136, 74)"
font_1_sample_15_size_24.png,Times New Roman,Neural networks,24,"RGB(59, 41, 90)"
font_1_sample_16_size_24.png,Times New Roman,Neural networks,24,"RGB(102, 145, 153)"
font_1_sample_17_size_24.png,Times New Roman,Computer vision,24,"RGB(136, 122, 196)"
font_1_sample_18_size_24.png,Times New Roman,Deep learning,24,"RGB(62, 192, 30)"
font_1_sample_19_size_24.png,Times New Roman,Computer vision,24,"RGB(67, 95, 186)"
font_1_sample_20_size_24.png,Times New Roman,Deep learning,24,"RGB(78, 141, 75)"
font_1_sample_21_size_24.png,Times New Roman,Natural language processing,24,"RGB(67, 18, 179)"
font_1_sample_22_size_24.png,Times New Roman,Computer vision,24,"RGB(190, 85, 158)"
font_1_sample_23_size_24.png,Times New Roman,Natural language processing,24,"RGB(72, 122, 194)"
font_1_sample_24_size_24.png,Times New Roman,Artificial intelligence,24,"RGB(115, 14, 53)"
font_1_sample_25_size_24.png,Times New Roman,Deep learning,24,"RGB(199, 100, 21)"
font_1_sample_26_size_24.png,Times New Roman,Artificial intelligence,24,"RGB(41, 0, 111)"
font_1_sample_27_size_24.png,Times New Roman,Neural networks,24,"RGB(18, 59, 81)"
font_1_sample_28_size_24.png,Times New Roman,Computer vision,24,"RGB(76, 96, 118)"
font_1_sample_29_size_24.png,Times New Roman,Natural language processing,24,"RGB(53, 110, 188)"
font_1_sample_30_size_24.png,Times New Roman,Computer vision,24,"RGB(152, 88, 22)"
font_1_sample_31_size_24.png,Times New Roman,Artificial intelligence,24,"RGB(102, 190, 0)"
font_1_sample_32_size_24.png,Times New Roman,Neural networks,24,"RGB(33, 149, 126)"
font_1_sample_33_size_24.png,Times New Roman,Computer vision,24,"RGB(148, 127, 170)"
font_1_sample_34_size_24.png,Times New Roman,Computer vision,24,"RGB(69, 188, 17)"
font_1_sample_35_size_24.png,Times New Roman,Computer vision,24,"RGB(56, 131, 150)"
font_1_sample_36_size_24.png,Times New Roman,Computer vision,24,"RGB(18, 73, 109)"
font_1_sample_37_size_24.png,Times New Roman,Deep learning,24,"RGB(55, 43, 31)"
font_1_sample_38_size_24.png,Times New Roman,Neural networks,24,"RGB(105, 118, 151)"
font_1_sample_39_size_24.png,Times New Roman,Natural language processing,24,"RGB(66, 184, 179)"
font_1_sample_40_size_24.png,Times New Roman,Deep learning,24,"RGB(68, 71, 171)"
font_1_sample_41_size_24.png,Times New Roman,Deep learning,24,"RGB(25, 116, 113)"
font_1_sample_42_size_24.png,Times New Roman,Neural networks,24,"RGB(147, 118, 103)"
font_1_sample_43_size_24.png,Times New Roman,Deep learning,24,"RGB(19, 128, 6)"
font_1_sample_44_size_24.png,Times New Roman,Artificial intelligence,24,"RGB(97, 200, 194)"
font_1_sample_45_size_24.png,Times New Roman,Deep learning,24,"RGB(123, 187, 40)"
font_1_sample_46_size_24.png,Times New Roman,Natural language processing,24,"RGB(41, 67, 74)"
font_1_sample_47_size_24.png,Times New Roman,Computer vision,24,"RGB(33, 55, 167)"
font_1_sample_48_size_24.png,Times New Roman,Natural language processing,24,"RGB(1, 18, 78)"
font_1_sample_49_size_24.png,Times New Roman,Deep learning,24,"RGB(52, 23, 71)"
font_1_sample_50_size_24.png,Times New Roman,Artificial intelligence,24,"RGB(135, 119, 16)"
font_1_sample_51_size_24.png,Times New Roman,Neural networks,24,"RGB(15, 135, 57)"
font_1_sample_52_size_24.png,Times New Roman,Artificial intelligence,24,"RGB(48, 14, 57)"
font_1_sample_53_size_24.png,Times New Roman,Computer vision,24,"RGB(129, 22, 152)"
font_1_sample_54_size_24.png,Times New Roman,Computer vision,24,"RGB(99, 173, 121)"
font_1_sample_55_size_24.png,Times New Roman,Natural language processing,24,"RGB(30, 113, 45)"
font_1_sample_56_size_24.png,Times New Roman,Natural language processing,24,"RGB(31, 30, 187)"
font_1_sample_57_size_24.png,Times New Roman,Artificial intelligence,24,"RGB(17, 99, 39)"
font_1_sample_58_size_24.png,Times New Roman,Artificial intelligence,24,"RGB(39, 71, 126)"
font_1_sample_59_size_24.png,Times New Roman,Natural language processing,24,"RGB(52, 13, 195)"
font_1_sample_60_size_24.png,Times New Roman,Natural language processing,24,"RGB(66, 14, 14)"
font_1_sample_61_size_24.png,Times New Roman,Deep learning,24,"RGB(23, 11, 79)"
font_1_sample_62_size_24.png,Times New Roman,Deep learning,24,"RGB(149, 111, 94)"
font_1_sample_63_size_24.png,Times New Roman,Deep learning,24,"RGB(145, 16, 144)"
font_1_sample_64_size_24.png,Times New Roman,Artificial intelligence,24,"RGB(119, 42, 51)"
font_1_sample_65_size_24.png,Times New Roman,Deep learning,24,"RGB(48, 163, 80)"
font_1_sample_66_size_24.png,Times New Roman,Artificial intelligence,24,"RGB(135, 52, 96)"
font_1_sample_0_size_32.png,Times New Roman,Computer vision,32,"RGB(122, 74, 151)"
font_1_sample_1_size_32.png,Times New Roman,Artificial intelligence,32,"RGB(200, 183, 131)"
font_1_sample_2_size_32.png,Times New Roman,Neural networks,32,"RGB(155, 190, 128)"
font_1_sample_3_size_32.png,Times New Roman,Artificial intelligence,32,"RGB(96, 118, 111)"
font_1_sample_4_size_32.png,Times New Roman,Computer vision,32,"RGB(143, 15, 69)"
font_1_sample_5_size_32.png,Times New Roman,Artificial intelligence,32,"RGB(11, 88, 139)"
font_1_sample_6_size_32.png,Times New Roman,Natural language processing,32,"RGB(32, 78, 72)"
font_1_sample_7_size_32.png,Times New Roman,Artificial intelligence,32,"RGB(32, 16, 35)"
font_1_sample_8_size_32.png,Times New Roman,Artificial intelligence,32,"RGB(122, 48, 5)"
font_1_sample_9_size_32.png,Times New Roman,Artificial intelligence,32,"RGB(149, 69, 187)"
font_1_sample_10_size_32.png,Times New Roman,Computer vision,32,"RGB(184, 112, 198)"
font_1_sample_11_size_32.png,Times New Roman,Natural language processing,32,"RGB(4, 200, 125)"
font_1_sample_12_size_32.png,Times New Roman,Neural networks,32,"RGB(45, 73, 121)"
font_1_sample_13_size_32.png,Times New Roman,Artificial intelligence,32,"RGB(26, 160, 175)"
font_1_sample_14_size_32.png,Times New Roman,Computer vision,32,"RGB(64, 135, 36)"
font_1_sample_15_size_32.png,Times New Roman,Natural language processing,32,"RGB(2, 181, 189)"
font_1_sample_16_size_32.png,Times New Roman,Artificial intelligence,32,"RGB(75, 88, 67)"
font_1_sample_17_size_32.png,Times New Roman,Computer vision,32,"RGB(63, 185, 28)"
font_1_sample_18_size_32.png,Times New Roman,Artificial intelligence,32,"RGB(120, 195, 58)"
font_1_sample_19_size_32.png,Times New Roman,Computer vision,32,"RGB(159, 161, 2)"
font_1_sample_20_size_32.png,Times New Roman,Artificial intelligence,32,"RGB(30, 13, 46)"
font_1_sample_21_size_32.png,Times New Roman,Deep learning,32,"RGB(11, 15, 161)"
font_1_sample_22_size_32.png,Times New Roman,Computer vision,32,"RGB(166, 46, 38)"
font_1_sample_23_size_32.png,Times New Roman,Natural language processing,32,"RGB(187, 20, 130)"
font_1_sample_24_size_32.png,Times New Roman,Computer vision,32,"RGB(118, 57, 3)"
font_1_sample_25_size_32.png,Times New Roman,Neural networks,32,"RGB(84, 142, 111)"
font_1_sample_26_size_32.png,Times New Roman,Natural language processing,32,"RGB(153, 5, 197)"
font_1_sample_27_size_32.png,Times New Roman,Neural networks,32,"RGB(187, 18, 148)"
font_1_sample_28_size_32.png,Times New Roman,Computer vision,32,"RGB(182, 120, 181)"
font_1_sample_29_size_32.png,Times New Roman,Natural language processing,32,"RGB(120, 50, 76)"
font_1_sample_30_size_32.png,Times New Roman,Natural language processing,32,"RGB(197, 72, 92)"
font_1_sample_31_size_32.png,Times New Roman,Deep learning,32,"RGB(149, 100, 153)"
font_1_sample_32_size_32.png,Times New Roman,Computer vision,32,"RGB(159, 146, 47)"
font_1_sample_33_size_32.png,Times New Roman,Deep learning,32,"RGB(25, 139, 162)"
font_1_sample_34_size_32.png,Times New Roman,Deep learning,32,"RGB(117, 112, 64)"
font_1_sample_35_size_32.png,Times New Roman,Deep learning,32,"RGB(93, 95, 116)"
font_1_sample_36_size_32.png,Times New Roman,Deep learning,32,"RGB(54, 152, 7)"
font_1_sample_37_size_32.png,Times New Roman,Deep learning,32,"RGB(7, 154, 8)"
font_1_sample_38_size_32.png,Times New Roman,Natural language processing,32,"RGB(197, 7, 85)"
font_1_sample_39_size_32.png,Times New Roman,Computer vision,32,"RGB(9, 96, 9)"
font_1_sample_40_size_32.png,Times New Roman,Artificial intelligence,32,"RGB(77, 37, 41)"
font_1_sample_41_size_32.png,Times New Roman,Computer vision,32,"RGB(186, 17, 98)"
font_1_sample_42_size_32.png,Times New Roman,Neural networks,32,"RGB(38, 99, 146)"
font_1_sample_43_size_32.png,Times New Roman,Neural networks,32,"RGB(36, 160, 126)"
font_1_sample_44_size_32.png,Times New Roman,Deep learning,32,"RGB(52, 78, 42)"
font_1_sample_45_size_32.png,Times New Roman,Natural language processing,32,"RGB(173, 95, 92)"
font_1_sample_46_size_32.png,Times New Roman,Deep learning,32,"RGB(117, 118, 49)"
font_1_sample_47_size_32.png,Times New Roman,Computer vision,32,"RGB(88, 188, 43)"
font_1_sample_48_size_32.png,Times New Roman,Neural networks,32,"RGB(155, 190, 104)"
font_1_sample_49_size_32.png,Times New Roman,Computer vision,32,"RGB(178, 118, 181)"
font_1_sample_50_size_32.png,Times New Roman,Natural language processing,32,"RGB(12, 35, 51)"
font_1_sample_51_size_32.png,Times New Roman,Artificial intelligence,32,"RGB(169, 131, 82)"
font_1_sample_52_size_32.png,Times New Roman,Deep learning,32,"RGB(4, 28, 17)"
font_1_sample_53_size_32.png,Times New Roman,Computer vision,32,"RGB(77, 88, 78)"
font_1_sample_54_size_32.png,Times New Roman,Neural networks,32,"RGB(137, 59, 147)"
font_1_sample_55_size_32.png,Times New Roman,Natural language processing,32,"RGB(102, 172, 138)"
font_1_sample_56_size_32.png,Times New Roman,Neural networks,32,"RGB(134, 200, 117)"
font_1_sample_57_size_32.png,Times New Roman,Deep learning,32,"RGB(110, 131, 65)"
font_1_sample_58_size_32.png,Times New Roman,Natural language processing,32,"RGB(92, 37, 193)"
font_1_sample_59_size_32.png,Times New Roman,Neural networks,32,"RGB(39, 84, 103)"
font_1_sample_60_size_32.png,Times New Roman,Computer vision,32,"RGB(185, 152, 143)"
font_1_sample_61_size_32.png,Times New Roman,Artificial intelligence,32,"RGB(196, 75, 116)"
font_1_sample_62_size_32.png,Times New Roman,Deep learning,32,"RGB(139, 163, 118)"
font_1_sample_63_size_32.png,Times New Roman,Artificial intelligence,32,"RGB(163, 79, 119)"
font_1_sample_64_size_32.png,Times New Roman,Computer vision,32,"RGB(37, 110, 15)"
font_1_sample_65_size_32.png,Times New Roman,Computer vision,32,"RGB(118, 190, 109)"
font_1_sample_66_size_32.png,Times New Roman,Neural networks,32,"RGB(9, 59, 173)"
font_2_sample_0_size_16.png,Courier New,Deep learning,16,"RGB(152, 78, 97)"
font_2_sample_1_size_16.png,Courier New,Natural language processing,16,"RGB(88, 15, 179)"
font_2_sample_2_size_16.png,Courier New,Neural networks,16,"RGB(113, 63, 130)"
font_2_sample_3_size_16.png,Courier New,Artificial intelligence,16,"RGB(66, 122, 132)"
font_2_sample_4_size_16.png,Courier New,Natural language processing,16,"RGB(4, 142, 33)"
font_2_sample_5_size_16.png,Courier New,Deep learning,16,"RGB(54, 172, 179)"
font_2_sample_6_size_16.png,Courier New,Deep learning,16,"RGB(32, 175, 102)"
font_2_sample_7_size_16.png,Courier New,Computer vision,16,"RGB(18, 169, 92)"
font_2_sample_8_size_16.png,Courier New,Neural networks,16,"RGB(77, 77, 189)"
font_2_sample_9_size_16.png,Courier New,Deep learning,16,"RGB(110, 182, 141)"
font_2_sample_10_size_16.png,Courier New,Deep learning,16,"RGB(37, 2, 25)"
font_2_sample_11_size_16.png,Courier New,Computer vision,16,"RGB(173, 91, 33)"
font_2_sample_12_size_16.png,Courier New,Computer vision,16,"RGB(84, 156, 121)"
font_2_sample_13_size_16.png,Courier New,Artificial intelligence,16,"RGB(17, 117, 62)"
font_2_sample_14_size_16.png,Courier New,Computer vision,16,"RGB(81, 191, 36)"
font_2_sample_15_size_16.png,Courier New,Artificial intelligence,16,"RGB(23, 183, 139)"
font_2_sample_16_size_16.png,Courier New,Computer vision,16,"RGB(63, 121, 57)"
font_2_sample_17_size_16.png,Courier New,Neural networks,16,"RGB(10, 151, 183)"
font_2_sample_18_size_16.png,Courier New,Deep learning,16,"RGB(54, 116, 125)"
font_2_sample_19_size_16.png,Courier New,Neural networks,16,"RGB(24, 15, 120)"
font_2_sample_20_size_16.png,Courier New,Artificial intelligence,16,"RGB(182, 68, 150)"
font_2_sample_21_size_16.png,Courier New,Deep learning,16,"RGB(10, 95, 36)"
font_2_sample_22_size_16.png,Courier New,Computer vision,16,"RGB(125, 41, 151)"
font_2_sample_23_size_16.png,Courier New,Computer vision,16,"RGB(135, 48, 119)"
font_2_sample_24_size_16.png,Courier New,Artificial intelligence,16,"RGB(51, 176, 2)"
font_2_sample_25_size_16.png,Courier New,Artificial intelligence,16,"RGB(53, 144, 66)"
font_2_sample_26_size_16.png,Courier New,Computer vision,16,"RGB(104, 147, 133)"
font_2_sample_27_size_16.png,Courier New,Neural networks,16,"RGB(93, 28, 118)"
font_2_sample_28_size_16.png,Courier New,Deep learning,16,"RGB(41, 83, 153)"
font_2_sample_29_size_16.png,Courier New,Computer vision,16,"RGB(129, 161, 104)"
font_2_sample_30_size_16.png,Courier New,Artificial intelligence,16,"RGB(105, 35, 151)"
font_2_sample_31_size_16.png,Courier New,Computer vision,16,"RGB(141, 199, 172)"
font_2_sample_32_size_16.png,Courier New,Deep learning,16,"RGB(143, 184, 39)"
font_2_sample_33_size_16.png,Courier New,Deep learning,16,"RGB(109, 173, 124)"
font_2_sample_34_size_16.png,Courier New,Neural networks,16,"RGB(199, 22, 81)"
font_2_sample_35_size_16.png,Courier New,Artificial intelligence,16,"RGB(68, 57, 131)"
font_2_sample_36_size_16.png,Courier New,Deep learning,16,"RGB(34, 91, 53)"
font_2_sample_37_size_16.png,Courier New,Neural networks,16,"RGB(184, 115, 10)"
font_2_sample_38_size_16.png,Courier New,Deep learning,16,"RGB(151, 27, 142)"
font_2_sample_39_size_16.png,Courier New,Artificial intelligence,16,"RGB(88, 138, 59)"
font_2_sample_40_size_16.png,Courier New,Computer vision,16,"RGB(158, 192, 172)"
font_2_sample_41_size_16.png,Courier New,Artificial intelligence,16,"RGB(39, 24, 86)"
font_2_sample_42_size_16.png,Courier New,Neural networks,16,"RGB(185, 189, 40)"
font_2_sample_43_size_16.png,Courier New,Neural networks,16,"RGB(41, 98, 81)"
font_2_sample_44_size_16.png,Courier New,Natural language processing,16,"RGB(137, 93, 36)"
font_2_sample_45_size_16.png,Courier New,Computer vision,16,"RGB(26, 54, 149)"
font_2_sample_46_size_16.png,Courier New,Artificial intelligence,16,"RGB(52, 63, 26)"
font_2_sample_47_size_16.png,Courier New,Neural networks,16,"RGB(129, 182, 55)"
font_2_sample_48_size_16.png,Courier New,Artificial intelligence,16,"RGB(32, 143, 200)"
font_2_sample_49_size_16.png,Courier New,Natural language processing,16,"RGB(114, 150, 155)"
font_2_sample_50_size_16.png,Courier New,Artificial intelligence,16,"RGB(76, 74, 25)"
font_2_sample_51_size_16.png,Courier New,Deep learning,16,"RGB(198, 185, 131)"
font_2_sample_52_size_16.png,Courier New,Computer vision,16,"RGB(176, 45, 38)"
font_2_sample_53_size_16.png,Courier New,Computer vision,16,"RGB(194, 146, 36)"
font_2_sample_54_size_16.png,Courier New,Deep learning,16,"RGB(138, 114, 13)"
font_2_sample_55_size_16.png,Courier New,Artificial intelligence,16,"RGB(79, 193, 164)"
font_2_sample_56_size_16.png,Courier New,Natural language processing,16,"RGB(103, 145, 113)"
font_2_sample_57_size_16.png,Courier New,Natural language processing,16,"RGB(147, 16, 111)"
font_2_sample_58_size_16.png,Courier New,Deep learning,16,"RGB(152, 90, 9)"
font_2_sample_59_size_16.png,Courier New,Computer vision,16,"RGB(109, 68, 162)"
font_2_sample_60_size_16.png,Courier New,Artificial intelligence,16,"RGB(58, 143, 145)"
font_2_sample_61_size_16.png,Courier New,Artificial intelligence,16,"RGB(155, 60, 84)"
font_2_sample_62_size_16.png,Courier New,Artificial intelligence,16,"RGB(106, 128, 12)"
font_2_sample_63_size_16.png,Courier New,Deep learning,16,"RGB(155, 71, 38)"
font_2_sample_64_size_16.png,Courier New,Natural language processing,16,"RGB(154, 102, 193)"
font_2_sample_65_size_16.png,Courier New,Computer vision,16,"RGB(68, 147, 193)"
font_2_sample_66_size_16.png,Courier New,Computer vision,16,"RGB(80, 146, 77)"
font_2_sample_0_size_24.png,Courier New,Neural networks,24,"RGB(87, 87, 105)"
font_2_sample_1_size_24.png,Courier New,Neural networks,24,"RGB(199, 150, 192)"
font_2_sample_2_size_24.png,Courier New,Artificial intelligence,24,"RGB(138, 48, 64)"
font_2_sample_3_size_24.png,Courier New,Natural language processing,24,"RGB(167, 155, 168)"
font_2_sample_4_size_24.png,Courier New,Artificial intelligence,24,"RGB(87, 156, 129)"
font_2_sample_5_size_24.png,Courier New,Natural language processing,24,"RGB(169, 172, 56)"
font_2_sample_6_size_24.png,Courier New,Deep learning,24,"RGB(118, 27, 156)"
font_2_sample_7_size_24.png,Courier New,Artificial intelligence,24,"RGB(133, 20, 136)"
font_2_sample_8_size_24.png,Courier New,Deep learning,24,"RGB(123, 136, 61)"
font_2_sample_9_size_24.png,Courier New,Computer vision,24,"RGB(126, 69, 120)"
font_2_sample_10_size_24.png,Courier New,Artificial intelligence,24,"RGB(76, 28, 144)"
font_2_sample_11_size_24.png,Courier New,Neural networks,24,"RGB(125, 109, 131)"
font_2_sample_12_size_24.png,Courier New,Natural language processing,24,"RGB(78, 106, 76)"
font_2_sample_13_size_24.png,Courier New,Deep learning,24,"RGB(179, 59, 140)"
font_2_sample_14_size_24.png,Courier New,Natural language processing,24,"RGB(32, 22, 60)"
font_2_sample_15_size_24.png,Courier New,Computer vision,24,"RGB(109, 97, 113)"
font_2_sample_16_size_24.png,Courier New,Artificial intelligence,24,"RGB(122, 127, 120)"
font_2_sample_17_size_24.png,Courier New,Natural language processing,24,"RGB(26, 165, 18)"
font_2_sample_18_size_24.png,Courier New,Deep learning,24,"RGB(44, 155, 42)"
font_2_sample_19_size_24.png,Courier New,Artificial intelligence,24,"RGB(24, 47, 190)"
font_2_sample_20_size_24.png,Courier New,Artificial intelligence,24,"RGB(142, 191, 128)"
font_2_sample_21_size_24.png,Courier New,Computer vision,24,"RGB(129, 33, 26)"
font_2_sample_22_size_24.png,Courier New,Natural language processing,24,"RGB(69, 105, 125)"
font_2_sample_23_size_24.png,Courier New,Neural networks,24,"RGB(93, 95, 151)"
font_2_sample_24_size_24.png,Courier New,Computer vision,24,"RGB(102, 186, 74)"
font_2_sample_25_size_24.png,Courier New,Artificial intelligence,24,"RGB(16, 5, 131)"
font_2_sample_26_size_24.png,Courier New,Natural language processing,24,"RGB(166, 24, 194)"
font_2_sample_27_size_24.png,Courier New,Neural networks,24,"RGB(54, 34, 3)"
font_2_sample_28_size_24.png,Courier New,Neural networks,24,"RGB(174, 98, 70)"
font_2_sample_29_size_24.png,Courier New,Deep learning,24,"RGB(129, 105, 161)"
font_2_sample_30_size_24.png,Courier New,Natural language processing,24,"RGB(72, 124, 88)"
font_2_sample_31_size_24.png,Courier New,Natural language processing,24,"RGB(148, 96, 110)"
font_2_sample_32_size_24.png,Courier New,Artificial intelligence,24,"RGB(40, 48, 102)"
font_2_sample_33_size_24.png,Courier New,Neural networks,24,"RGB(150, 9, 199)"
font_2_sample_34_size_24.png,Courier New,Artificial intelligence,24,"RGB(88, 17, 122)"
font_2_sample_35_size_24.png,Courier New,Computer vision,24,"RGB(136, 164, 57)"
font_2_sample_36_size_24.png,Courier New,Computer vision,24,"RGB(72, 74, 10)"
font_2_sample_37_size_24.png,Courier New,Neural networks,24,"RGB(191, 35, 184)"
font_2_sample_38_size_24.png,Courier New,Deep learning,24,"RGB(89, 187, 34)"
font_2_sample_39_size_24.png,Courier New,Deep learning,24,"RGB(157, 119, 85)"
font_2_sample_40_size_24.png,Courier New,Artificial intelligence,24,"RGB(116, 144, 53)"
font_2_sample_41_size_24.png,Courier New,Computer vision,24,"RGB(16, 158, 180)"
font_2_sample_42_size_24.png,Courier New,Neural networks,24,"RGB(117, 56, 161)"
font_2_sample_43_size_24.png,Courier New,Natural language processing,24,"RGB(126, 123, 136)"
font_2_sample_44_size_24.png,Courier New,Neural networks,24,"RGB(195, 100, 191)"
font_2_sample_45_size_24.png,Courier New,Deep learning,24,"RGB(185, 16, 68)"
font_2_sample_46_size_24.png,Courier New,Deep learning,24,"RGB(155, 24, 66)"
font_2_sample_47_size_24.png,Courier New,Natural language processing,24,"RGB(160, 3, 21)"
font_2_sample_48_size_24.png,Courier New,Deep learning,24,"RGB(63, 129, 59)"
font_2_sample_49_size_24.png,Courier New,Neural networks,24,"RGB(160, 119, 40)"
font_2_sample_50_size_24.png,Courier New,Computer vision,24,"RGB(41, 87, 38)"
font_2_sample_51_size_24.png,Courier New,Natural language processing,24,"RGB(178, 119, 159)"
font_2_sample_52_size_24.png,Courier New,Artificial intelligence,24,"RGB(195, 26, 158)"
font_2_sample_53_size_24.png,Courier New,Natural language processing,24,"RGB(53, 157, 84)"
font_2_sample_54_size_24.png,Courier New,Artificial intelligence,24,"RGB(31, 129, 117)"
font_2_sample_55_size_24.png,Courier New,Natural language processing,24,"RGB(0, 148, 13)"
font_2_sample_56_size_24.png,Courier New,Artificial intelligence,24,"RGB(70, 78, 78)"
font_2_sample_57_size_24.png,Courier New,Neural networks,24,"RGB(29, 37, 92)"
font_2_sample_58_size_24.png,Courier New,Artificial intelligence,24,"RGB(177, 48, 174)"
font_2_sample_59_size_24.png,Courier New,Computer vision,24,"RGB(96, 185, 63)"
font_2_sample_60_size_24.png,Courier New,Deep learning,24,"RGB(53, 39, 47)"
font_2_sample_61_size_24.png,Courier New,Computer vision,24,"RGB(164, 169, 117)"
font_2_sample_62_size_24.png,Courier New,Natural language processing,24,"RGB(145, 32, 158)"
font_2_sample_63_size_24.png,Courier New,Computer vision,24,"RGB(128, 139, 194)"
font_2_sample_64_size_24.png,Courier New,Deep learning,24,"RGB(85, 50, 170)"
font_2_sample_65_size_24.png,Courier New,Computer vision,24,"RGB(185, 125, 37)"
font_2_sample_66_size_24.png,Courier New,Artificial intelligence,24,"RGB(133, 60, 177)"
font_2_sample_0_size_32.png,Courier New,Artificial intelligence,32,"RGB(136, 146, 160)"
font_2_sample_1_size_32.png,Courier New,Deep learning,32,"RGB(184, 168, 100)"
font_2_sample_2_size_32.png,Courier New,Natural language processing,32,"RGB(181, 3, 115)"
font_2_sample_3_size_32.png,Courier New,Natural language processing,32,"RGB(76, 153, 54)"
font_2_sample_4_size_32.png,Courier New,Neural networks,32,"RGB(101, 150, 121)"
font_2_sample_5_size_32.png,Courier New,Natural language processing,32,"RGB(98, 145, 67)"
font_2_sample_6_size_32.png,Courier New,Artificial intelligence,32,"RGB(41, 78, 180)"
font_2_sample_7_size_32.png,Courier New,Artificial intelligence,32,"RGB(141, 17, 192)"
font_2_sample_8_size_32.png,Courier New,Neural networks,32,"RGB(18, 45, 177)"
font_2_sample_9_size_32.png,Courier New,Neural networks,32,"RGB(183, 159, 177)"
font_2_sample_10_size_32.png,Courier New,Computer vision,32,"RGB(57, 104, 148)"
font_2_sample_11_size_32.png,Courier New,Natural language processing,32,"RGB(127, 18, 200)"
font_2_sample_12_size_32.png,Courier New,Computer vision,32,"RGB(15, 50, 107)"
font_2_sample_13_size_32.png,Courier New,Neural networks,32,"RGB(191, 26, 111)"
font_2_sample_14_size_32.png,Courier New,Artificial intelligence,32,"RGB(61, 37, 143)"
font_2_sample_15_size_32.png,Courier New,Artificial intelligence,32,"RGB(154, 143, 150)"
font_2_sample_16_size_32.png,Courier New,Neural networks,32,"RGB(68, 145, 171)"
font_2_sample_17_size_32.png,Courier New,Neural networks,32,"RGB(41, 147, 90)"
font_2_sample_18_size_32.png,Courier New,Neural networks,32,"RGB(108, 0, 35)"
font_2_sample_19_size_32.png,Courier New,Natural language processing,32,"RGB(137, 37, 10)"
font_2_sample_20_size_32.png,Courier New,Computer vision,32,"RGB(193, 147, 134)"
font_2_sample_21_size_32.png,Courier New,Deep learning,32,"RGB(40, 108, 29)"
font_2_sample_22_size_32.png,Courier New,Deep learning,32,"RGB(50, 97, 129)"
font_2_sample_23_size_32.png,Courier New,Natural language processing,32,"RGB(46, 49, 123)"
font_2_sample_24_size_32.png,Courier New,Computer vision,32,"RGB(156, 131, 30)"
font_2_sample_25_size_32.png,Courier New,Natural language processing,32,"RGB(10, 102, 108)"
font_2_sample_26_size_32.png,Courier New,Neural networks,32,"RGB(99, 149, 27)"
font_2_sample_27_size_32.png,Courier New,Neural networks,32,"RGB(99, 177, 63)"
font_2_sample_28_size_32.png,Courier New,Computer vision,32,"RGB(156, 198, 13)"
font_2_sample_29_size_32.png,Courier New,Artificial intelligence,32,"RGB(27, 71, 1)"
font_2_sample_30_size_32.png,Courier New,Neural networks,32,"RGB(158, 51, 56)"
font_2_sample_31_size_32.png,Courier New,Artificial intelligence,32,"RGB(30, 99, 100)"
font_2_sample_32_size_32.png,Courier New,Deep learning,32,"RGB(21, 87, 164)"
font_2_sample_33_size_32.png,Courier New,Natural language processing,32,"RGB(111, 49, 20)"
font_2_sample_34_size_32.png,Courier New,Computer vision,32,"RGB(7, 163, 156)"
font_2_sample_35_size_32.png,Courier New,Natural language processing,32,"RGB(60, 78, 57)"
font_2_sample_36_size_32.png,Courier New,Neural networks,32,"RGB(162, 99, 150)"
font_2_sample_37_size_32.png,Courier New,Natural language processing,32,"RGB(0, 60, 164)"
font_2_sample_38_size_32.png,Courier New,Natural language processing,32,"RGB(3, 27, 188)"
font_2_sample_39_size_32.png,Courier New,Natural language processing,32,"RGB(126, 9, 49)"
font_2_sample_40_size_32.png,Courier New,Natural language processing,32,"RGB(97, 5, 191)"
font_2_sample_41_size_32.png,Courier New,Neural networks,32,"RGB(160, 161, 138)"
font_2_sample_42_size_32.png,Courier New,Artificial intelligence,32,"RGB(70, 169, 62)"
font_2_sample_43_size_32.png,Courier New,Neural networks,32,"RGB(141, 161, 141)"
font_2_sample_44_size_32.png,Courier New,Neural networks,32,"RGB(158, 143, 159)"
font_2_sample_45_size_32.png,Courier New,Natural language processing,32,"RGB(199, 68, 59)"
font_2_sample_46_size_32.png,Courier New,Computer vision,32,"RGB(124, 147, 190)"
font_2_sample_47_size_32.png,Courier New,Deep learning,32,"RGB(46, 142, 115)"
font_2_sample_48_size_32.png,Courier New,Natural language processing,32,"RGB(23, 189, 98)"
font_2_sample_49_size_32.png,Courier New,Deep learning,32,"RGB(84, 189, 174)"
font_2_sample_50_size_32.png,Courier New,Natural language processing,32,"RGB(160, 177, 160)"
font_2_sample_51_size_32.png,Courier New,Deep learning,32,"RGB(196, 132, 14)"
font_2_sample_52_size_32.png,Courier New,Computer vision,32,"RGB(64, 36, 100)"
font_2_sample_53_size_32.png,Courier New,Computer vision,32,"RGB(157, 24, 144)"
font_2_sample_54_size_32.png,Courier New,Artificial intelligence,32,"RGB(53, 57, 110)"
font_2_sample_55_size_32.png,Courier New,Computer vision,32,"RGB(41, 58, 141)"
font_2_sample_56_size_32.png,Courier New,Natural language processing,32,"RGB(152, 20, 99)"
font_2_sample_57_size_32.png,Courier New,Deep learning,32,"RGB(35, 124, 84)"
font_2_sample_58_size_32.png,Courier New,Natural language processing,32,"RGB(199, 155, 196)"
font_2_sample_59_size_32.png,Courier New,Deep learning,32,"RGB(81, 179, 179)"
font_2_sample_60_size_32.png,Courier New,Neural networks,32,"RGB(41, 2, 0)"
font_2_sample_61_size_32.png,Courier New,Artificial intelligence,32,"RGB(100, 193, 175)"
font_2_sample_62_size_32.png,Courier New,Natural language processing,32,"RGB(195, 9, 163)"
font_2_sample_63_size_32.png,Courier New,Deep learning,32,"RGB(184, 69, 21)"
font_2_sample_64_size_32.png,Courier New,Deep learning,32,"RGB(193, 28, 191)"
font_2_sample_65_size_32.png,Courier New,Artificial intelligence,32,"RGB(187, 191, 178)"
font_2_sample_66_size_32.png,Courier New,Deep learning,32,"RGB(156, 48, 177)"
font_3_sample_0_size_16.png,Verdana,Computer vision,16,"RGB(55, 34, 136)"
font_3_sample_1_size_16.png,Verdana,Deep learning,16,"RGB(1, 11, 98)"
font_3_sample_2_size_16.png,Verdana,Deep learning,16,"RGB(3, 40, 131)"
font_3_sample_3_size_16.png,Verdana,Natural language processing,16,"RGB(41, 103, 125)"
font_3_sample_4_size_16.png,Verdana,Artificial intelligence,16,"RGB(82, 100, 145)"
font_3_sample_5_size_16.png,Verdana,Computer vision,16,"RGB(46, 140, 53)"
font_3_sample_6_size_16.png,Verdana,Computer vision,16,"RGB(193, 47, 53)"
font_3_sample_7_size_16.png,Verdana,Natural language processing,16,"RGB(63, 83, 191)"
font_3_sample_8_size_16.png,Verdana,Computer vision,16,"RGB(183, 128, 89)"
font_3_sample_9_size_16.png,Verdana,Computer vision,16,"RGB(150, 104, 96)"
font_3_sample_10_size_16.png,Verdana,Computer vision,16,"RGB(168, 62, 198)"
font_3_sample_11_size_16.png,Verdana,Neural networks,16,"RGB(197, 162, 72)"
font_3_sample_12_size_16.png,Verdana,Artificial intelligence,16,"RGB(165, 52, 185)"
font_3_sample_13_size_16.png,Verdana,Artificial intelligence,16,"RGB(4, 173, 33)"
font_3_sample_14_size_16.png,Verdana,Deep learning,16,"RGB(57, 76, 30)"
font_3_sample_15_size_16.png,Verdana,Natural language processing,16,"RGB(98, 3, 104)"
font_3_sample_16_size_16.png,Verdana,Deep learning,16,"RGB(177, 183, 120)"
font_3_sample_17_size_16.png,Verdana,Deep learning,16,"RGB(165, 165, 139)"
font_3_sample_18_size_16.png,Verdana,Natural language processing,16,"RGB(60, 165, 110)"
font_3_sample_19_size_16.png,Verdana,Artificial intelligence,16,"RGB(135, 111, 82)"
font_3_sample_20_size_16.png,Verdana,Computer vision,16,"RGB(7, 145, 23)"
font_3_sample_21_size_16.png,Verdana,Computer vision,16,"RGB(27, 73, 86)"
font_3_sample_22_size_16.png,Verdana,Deep learning,16,"RGB(112, 91, 40)"
font_3_sample_23_size_16.png,Verdana,Natural language processing,16,"RGB(199, 78, 191)"
font_3_sample_24_size_16.png,Verdana,Computer vision,16,"RGB(47, 28, 84)"
font_3_sample_25_size_16.png,Verdana,Natural language processing,16,"RGB(199, 178, 146)"
font_3_sample_26_size_16.png,Verdana,Artificial intelligence,16,"RGB(118, 53, 192)"
font_3_sample_27_size_16.png,Verdana,Neural networks,16,"RGB(166, 177, 115)"
font_3_sample_28_size_16.png,Verdana,Artificial intelligence,16,"RGB(39, 84, 135)"
font_3_sample_29_size_16.png,Verdana,Computer vision,16,"RGB(158, 142, 172)"
font_3_sample_30_size_16.png,Verdana,Neural networks,16,"RGB(198, 24, 111)"
font_3_sample_31_size_16.png,Verdana,Deep learning,16,"RGB(42, 31, 44)"
font_3_sample_32_size_16.png,Verdana,Deep learning,16,"RGB(20, 50, 97)"
font_3_sample_33_size_16.png,Verdana,Neural networks,16,"RGB(135, 5, 11)"
font_3_sample_34_size_16.png,Verdana,Artificial intelligence,16,"RGB(109, 78, 15)"
font_3_sample_35_size_16.png,Verdana,Neural networks,16,"RGB(107, 166, 141)"
font_3_sample_36_size_16.png,Verdana,Neural networks,16,"RGB(134, 188, 101)"
font_3_sample_37_size_16.png,Verdana,Deep learning,16,"RGB(180, 79, 8)"
font_3_sample_38_size_16.png,Verdana,Computer vision,16,"RGB(143, 64, 12)"
font_3_sample_39_size_16.png,Verdana,Computer vision,16,"RGB(21, 78, 127)"
font_3_sample_40_size_16.png,Verdana,Deep learning,16,"RGB(74, 131, 11)"
font_3_sample_41_size_16.png,Verdana,Deep learning,16,"RGB(171, 151, 105)"
font_3_sample_42_size_16.png,Verdana,Deep learning,16,"RGB(176, 96, 8)"
font_3_sample_43_size_16.png,Verdana,Deep learning,16,"RGB(78, 135, 114)"
font_3_sample_44_size_16.png,Verdana,Neural networks,16,"RGB(48, 199, 55)"
font_3_sample_45_size_16.png,Verdana,Computer vision,16,"RGB(56, 94, 193)"
font_3_sample_46_size_16.png,Verdana,Neural networks,16,"RGB(177, 180, 144)"
font_3_sample_47_size_16.png,Verdana,Artificial intelligence,16,"RGB(43, 163, 87)"
font_3_sample_48_size_16.png,Verdana,Deep learning,16,"RGB(178, 120, 150)"
font_3_sample_49_size_16.png,Verdana,Natural language processing,16,"RGB(86, 124, 129)"
font_3_sample_50_size_16.png,Verdana,Deep learning,16,"RGB(126, 101, 25)"
font_3_sample_51_size_16.png,Verdana,Artificial intelligence,16,"RGB(159, 44, 80)"
font_3_sample_52_size_16.png,Verdana,Artificial intelligence,16,"RGB(184, 95, 98)"
font_3_sample_53_size_16.png,Verdana,Natural language processing,16,"RGB(141, 145, 79)"
font_3_sample_54_size_16.png,Verdana,Computer vision,16,"RGB(81, 8, 184)"
font_3_sample_55_size_16.png,Verdana,Neural networks,16,"RGB(22, 185, 184)"
font_3_sample_56_size_16.png,Verdana,Artificial intelligence,16,"RGB(180, 102, 166)"
font_3_sample_57_size_16.png,Verdana,Natural language processing,16,"RGB(62, 137, 3)"
font_3_sample_58_size_16.png,Verdana,Artificial intelligence,16,"RGB(31, 123, 141)"
font_3_sample_59_size_16.png,Verdana,Neural networks,16,"RGB(79, 52, 15)"
font_3_sample_60_size_16.png,Verdana,Neural networks,16,"RGB(121, 101, 59)"
font_3_sample_61_size_16.png,Verdana,Computer vision,16,"RGB(129, 110, 155)"
font_3_sample_62_size_16.png,Verdana,Computer vision,16,"RGB(55, 152, 89)"
font_3_sample_63_size_16.png,Verdana,Neural networks,16,"RGB(72, 129, 127)"
font_3_sample_64_size_16.png,Verdana,Neural networks,16,"RGB(155, 168, 47)"
font_3_sample_65_size_16.png,Verdana,Artificial intelligence,16,"RGB(155, 138, 197)"
font_3_sample_66_size_16.png,Verdana,Deep learning,16,"RGB(60, 125, 116)"
font_3_sample_0_size_24.png,Verdana,Neural networks,24,"RGB(141, 101, 18)"
font_3_sample_1_size_24.png,Verdana,Natural language processing,24,"RGB(196, 129, 12)"
font_3_sample_2_size_24.png,Verdana,Natural language processing,24,"RGB(106, 2, 87)"
font_3_sample_3_size_24.png,Verdana,Natural language processing,24,"RGB(21, 91, 80)"
font_3_sample_4_size_24.png,Verdana,Neural networks,24,"RGB(89, 46, 90)"
font_3_sample_5_size_24.png,Verdana,Natural language processing,24,"RGB(158, 27, 106)"
font_3_sample_6_size_24.png,Verdana,Deep learning,24,"RGB(194, 3, 158)"
font_3_sample_7_size_24.png,Verdana,Computer vision,24,"RGB(170, 95, 116)"
font_3_sample_8_size_24.png,Verdana,Natural language processing,24,"RGB(142, 123, 13)"
font_3_sample_9_size_24.png,Verdana,Deep learning,24,"RGB(14, 85, 91)"
font_3_sample_10_size_24.png,Verdana,Computer vision,24,"RGB(77, 173, 158)"
font_3_sample_11_size_24.png,Verdana,Deep learning,24,"RGB(84, 194, 33)"
font_3_sample_12_size_24.png,Verdana,Artificial intelligence,24,"RGB(128, 146, 1)"
font_3_sample_13_size_24.png,Verdana,Computer vision,24,"RGB(185, 66, 124)"
font_3_sample_14_size_24.png,Verdana,Natural language processing,24,"RGB(191, 195, 64)"
font_3_sample_15_size_24.png,Verdana,Natural language processing,24,"RGB(182, 106, 1)"
font_3_sample_16_size_24.png,Verdana,Deep learning,24,"RGB(141, 2, 104)"
font_3_sample_17_size_24.png,Verdana,Artificial intelligence,24,"RGB(149, 27, 123)"
font_3_sample_18_size_24.png,Verdana,Artificial intelligence,24,"RGB(91, 58, 160)"
font_3_sample_19_size_24.png,Verdana,Artificial intelligence,24,"RGB(16, 138, 199)"
font_3_sample_20_size_24.png,Verdana,Artificial intelligence,24,"RGB(144, 84, 183)"
font_3_sample_21_size_24.png,Verdana,Neural networks,24,"RGB(1, 29, 40)"
font_3_sample_22_size_24.png,Verdana,Artificial intelligence,24,"RGB(12, 112, 15)"
font_3_sample_23_size_24.png,Verdana,Computer vision,24,"RGB(112, 110, 103)"
font_3_sample_24_size_24.png,Verdana,Artificial intelligence,24,"RGB(152, 184, 40)"
font_3_sample_25_size_24.png,Verdana,Natural language processing,24,"RGB(191, 166, 96)"
font_3_sample_26_size_24.png,Verdana,Computer vision,24,"RGB(156, 28, 94)"
font_3_sample_27_size_24.png,Verdana,Deep learning,24,"RGB(152, 146, 137)"
font_3_sample_28_size_24.png,Verdana,Neural networks,24,"RGB(137, 135, 13)"
font_3_sample_29_size_24.png,Verdana,Neural networks,24,"RGB(179, 168, 76)"
font_3_sample_30_size_24.png,Verdana,Natural language processing,24,"RGB(13, 116, 78)"
font_3_sample_31_size_24.png,Verdana,Neural networks,24,"RGB(87, 61, 174)"
font_3_sample_32_size_24.png,Verdana,Deep learning,24,"RGB(42, 2, 28)"
font_3_sample_33_size_24.png,Verdana,Computer vision,24,"RGB(169, 90, 103)"
font_3_sample_34_size_24.png,Verdana,Natural language processing,24,"RGB(105, 84, 192)"
font_3_sample_35_size_24.png,Verdana,Artificial intelligence,24,"RGB(13, 89, 43)"
font_3_sample_36_size_24.png,Verdana,Neural networks,24,"RGB(30, 54, 66)"
font_3_sample_37_size_24.png,Verdana,Deep learning,24,"RGB(66, 60, 181)"
font_3_sample_38_size_24.png,Verdana,Artificial intelligence,24,"RGB(139, 84, 191)"
font_3_sample_39_size_24.png,Verdana,Deep learning,24,"RGB(110, 42, 59)"
font_3_sample_40_size_24.png,Verdana,Computer vision,24,"RGB(55, 120, 82)"
font_3_sample_41_size_24.png,Verdana,Deep learning,24,"RGB(141, 64, 89)"
font_3_sample_42_size_24.png,Verdana,Artificial intelligence,24,"RGB(162, 158, 150)"
font_3_sample_43_size_24.png,Verdana,Natural language processing,24,"RGB(54, 22, 185)"
font_3_sample_44_size_24.png,Verdana,Computer vision,24,"RGB(22, 93, 81)"
font_3_sample_45_size_24.png,Verdana,Artificial intelligence,24,"RGB(77, 67, 119)"
font_3_sample_46_size_24.png,Verdana,Deep learning,24,"RGB(188, 130, 70)"
font_3_sample_47_size_24.png,Verdana,Deep learning,24,"RGB(179, 114, 198)"
font_3_sample_48_size_24.png,Verdana,Computer vision,24,"RGB(1, 93, 72)"
font_3_sample_49_size_24.png,Verdana,Artificial intelligence,24,"RGB(126, 84, 44)"
font_3_sample_50_size_24.png,Verdana,Neural networks,24,"RGB(59, 192, 88)"
font_3_sample_51_size_24.png,Verdana,Artificial intelligence,24,"RGB(169, 193, 97)"
font_3_sample_52_size_24.png,Verdana,Neural networks,24,"RGB(16, 157, 54)"
font_3_sample_53_size_24.png,Verdana,Computer vision,24,"RGB(145, 74, 53)"
font_3_sample_54_size_24.png,Verdana,Computer vision,24,"RGB(111, 75, 96)"
font_3_sample_55_size_24.png,Verdana,Natural language processing,24,"RGB(92, 72, 124)"
font_3_sample_56_size_24.png,Verdana,Computer vision,24,"RGB(180, 159, 136)"
font_3_sample_57_size_24.png,Verdana,Artificial intelligence,24,"RGB(20, 121, 19)"
font_3_sample_58_size_24.png,Verdana,Neural networks,24,"RGB(19, 137, 135)"
font_3_sample_59_size_24.png,Verdana,Neural networks,24,"RGB(49, 32, 45)"
font_3_sample_60_size_24.png,Verdana,Deep learning,24,"RGB(120, 2, 171)"
font_3_sample_61_size_24.png,Verdana,Deep learning,24,"RGB(53, 75, 68)"
font_3_sample_62_size_24.png,Verdana,Computer vision,24,"RGB(116, 112, 169)"
font_3_sample_63_size_24.png,Verdana,Artificial intelligence,24,"RGB(30, 91, 4)"
font_3_sample_64_size_24.png,Verdana,Artificial intelligence,24,"RGB(135, 148, 107)"
font_3_sample_65_size_24.png,Verdana,Computer vision,24,"RGB(136, 46, 153)"
font_3_sample_66_size_24.png,Verdana,Neural networks,24,"RGB(64, 199, 14)"
font_3_sample_0_size_32.png,Verdana,Neural networks,32,"RGB(30, 49, 5)"
font_3_sample_1_size_32.png,Verdana,Neural networks,32,"RGB(146, 74, 22)"
font_3_sample_2_size_32.png,Verdana,Artificial intelligence,32,"RGB(27, 124, 158)"
font_3_sample_3_size_32.png,Verdana,Neural networks,32,"RGB(71, 168, 172)"
font_3_sample_4_size_32.png,Verdana,Artificial intelligence,32,"RGB(130, 164, 36)"
font_3_sample_5_size_32.png,Verdana,Artificial intelligence,32,"RGB(59, 199, 10)"
font_3_sample_6_size_32.png,Verdana,Artificial intelligence,32,"RGB(171, 68, 161)"
font_3_sample_7_size_32.png,Verdana,Computer vision,32,"RGB(114, 147, 74)"
font_3_sample_8_size_32.png,Verdana,Neural networks,32,"RGB(80, 136, 118)"
font_3_sample_9_size_32.png,Verdana,Neural networks,32,"RGB(11, 140, 38)"
font_3_sample_10_size_32.png,Verdana,Neural networks,32,"RGB(144, 146, 93)"
font_3_sample_11_size_32.png,Verdana,Computer vision,32,"RGB(106, 16, 25)"
font_3_sample_12_size_32.png,Verdana,Deep learning,32,"RGB(186, 87, 143)"
font_3_sample_13_size_32.png,Verdana,Artificial intelligence,32,"RGB(91, 197, 107)"
font_3_sample_14_size_32.png,Verdana,Neural networks,32,"RGB(87, 73, 185)"
font_3_sample_15_size_32.png,Verdana,Artificial intelligence,32,"RGB(48, 60, 114)"
font_3_sample_16_size_32.png,Verdana,Computer vision,32,"RGB(151, 10, 3)"
font_3_sample_17_size_32.png,Verdana,Computer vision,32,"RGB(185, 159, 181)"
font_3_sample_18_size_32.png,Verdana,Deep learning,32,"RGB(26, 106, 66)"
font_3_sample_19_size_32.png,Verdana,Computer vision,32,"RGB(85, 108, 137)"
font_3_sample_20_size_32.png,Verdana,Artificial intelligence,32,"RGB(95, 163, 17)"
font_3_sample_21_size_32.png,Verdana,Computer vision,32,"RGB(169, 156, 16)"
font_3_sample_22_size_32.png,Verdana,Deep learning,32,"RGB(45, 13, 14)"
font_3_sample_23_size_32.png,Verdana,Natural language processing,32,"RGB(146, 48, 54)"
font_3_sample_24_size_32.png,Verdana,Neural networks,32,"RGB(193, 193, 176)"
font_3_sample_25_size_32.png,Verdana,Computer vision,32,"RGB(182, 144, 70)"
font_3_sample_26_size_32.png,Verdana,Neural networks,32,"RGB(173, 106, 4)"
font_3_sample_27_size_32.png,Verdana,Deep learning,32,"RGB(22, 148, 165)"
font_3_sample_28_size_32.png,Verdana,Natural language processing,32,"RGB(176, 106, 118)"
font_3_sample_29_size_32.png,Verdana,Computer vision,32,"RGB(83, 174, 153)"
font_3_sample_30_size_32.png,Verdana,Artificial intelligence,32,"RGB(169, 3, 10)"
font_3_sample_31_size_32.png,Verdana,Computer vision,32,"RGB(18, 89, 17)"
font_3_sample_32_size_32.png,Verdana,Neural networks,32,"RGB(132, 56, 131)"
font_3_sample_33_size_32.png,Verdana,Deep learning,32,"RGB(115, 41, 160)"
font_3_sample_34_size_32.png,Verdana,Computer vision,32,"RGB(1, 17, 30)"
font_3_sample_35_size_32.png,Verdana,Natural language processing,32,"RGB(159, 63, 26)"
font_3_sample_36_size_32.png,Verdana,Neural networks,32,"RGB(175, 106, 183)"
font_3_sample_37_size_32.png,Verdana,Neural networks,32,"RGB(60, 198, 145)"
font_3_sample_38_size_32.png,Verdana,Natural language processing,32,"RGB(16, 61, 61)"
font_3_sample_39_size_32.png,Verdana,Computer vision,32,"RGB(34, 186, 96)"
font_3_sample_40_size_32.png,Verdana,Artificial intelligence,32,"RGB(187, 174, 94)"
font_3_sample_41_size_32.png,Verdana,Deep learning,32,"RGB(64, 174, 62)"
font_3_sample_42_size_32.png,Verdana,Computer vision,32,"RGB(173, 82, 143)"
font_3_sample_43_size_32.png,Verdana,Computer vision,32,"RGB(31, 31, 45)"
font_3_sample_44_size_32.png,Verdana,Computer vision,32,"RGB(147, 26, 85)"
font_3_sample_45_size_32.png,Verdana,Neural networks,32,"RGB(181, 128, 170)"
font_3_sample_46_size_32.png,Verdana,Artificial intelligence,32,"RGB(23, 44, 126)"
font_3_sample_47_size_32.png,Verdana,Deep learning,32,"RGB(109, 2, 49)"
font_3_sample_48_size_32.png,Verdana,Deep learning,32,"RGB(75, 133, 21)"
font_3_sample_49_size_32.png,Verdana,Artificial intelligence,32,"RGB(32, 66, 30)"
font_3_sample_50_size_32.png,Verdana,Artificial intelligence,32,"RGB(80, 57, 79)"
font_3_sample_51_size_32.png,Verdana,Artificial intelligence,32,"RGB(33, 147, 148)"
font_3_sample_52_size_32.png,Verdana,Natural language processing,32,"RGB(34, 92, 55)"
font_3_sample_53_size_32.png,Verdana,Neural networks,32,"RGB(30, 43, 62)"
font_3_sample_54_size_32.png,Verdana,Deep learning,32,"RGB(200, 105, 97)"
font_3_sample_55_size_32.png,Verdana,Deep learning,32,"RGB(160, 18, 21)"
font_3_sample_56_size_32.png,Verdana,Natural language processing,32,"RGB(55, 163, 67)"
font_3_sample_57_size_32.png,Verdana,Computer vision,32,"RGB(101, 32, 164)"
font_3_sample_58_size_32.png,Verdana,Computer vision,32,"RGB(77, 71, 21)"
font_3_sample_59_size_32.png,Verdana,Computer vision,32,"RGB(157, 169, 183)"
font_3_sample_60_size_32.png,Verdana,Artificial intelligence,32,"RGB(136, 128, 183)"
font_3_sample_61_size_32.png,Verdana,Computer vision,32,"RGB(115, 44, 173)"
font_3_sample_62_size_32.png,Verdana,Neural networks,32,"RGB(54, 167, 34)"
font_3_sample_63_size_32.png,Verdana,Artificial intelligence,32,"RGB(185, 108, 8)"
font_3_sample_64_size_32.png,Verdana,Natural language processing,32,"RGB(128, 94, 10)"
font_3_sample_65_size_32.png,Verdana,Natural language processing,32,"RGB(129, 2, 55)"
font_3_sample_66_size_32.png,Verdana,Computer vision,32,"RGB(39, 195, 12)"
font_4_sample_0_size_16.png,Georgia,Neural networks,16,"RGB(176, 52, 137)"
font_4_sample_1_size_16.png,Georgia,Neural networks,16,"RGB(79, 152, 5)"
font_4_sample_2_size_16.png,Georgia,Computer vision,16,"RGB(5, 39, 180)"
font_4_sample_3_size_16.png,Georgia,Neural networks,16,"RGB(160, 171, 14)"
font_4_sample_4_size_16.png,Georgia,Artificial intelligence,16,"RGB(113, 63, 100)"
font_4_sample_5_size_16.png,Georgia,Neural networks,16,"RGB(177, 56, 133)"
font_4_sample_6_size_16.png,Georgia,Computer vision,16,"RGB(134, 125, 50)"
font_4_sample_7_size_16.png,Georgia,Artificial intelligence,16,"RGB(21, 184, 98)"
font_4_sample_8_size_16.png,Georgia,Neural networks,16,"RGB(188, 154, 166)"
font_4_sample_9_size_16.png,Georgia,Natural language processing,16,"RGB(79, 40, 44)"
font_4_sample_10_size_16.png,Georgia,Natural language processing,16,"RGB(137, 96, 127)"
font_4_sample_11_size_16.png,Georgia,Natural language processing,16,"RGB(43, 0, 186)"
font_4_sample_12_size_16.png,Georgia,Neural networks,16,"RGB(140, 103, 24)"
font_4_sample_13_size_16.png,Georgia,Artificial intelligence,16,"RGB(42, 99, 188)"
font_4_sample_14_size_16.png,Georgia,Deep learning,16,"RGB(117, 69, 9)"
font_4_sample_15_size_16.png,Georgia,Artificial intelligence,16,"RGB(170, 79, 133)"
font_4_sample_16_size_16.png,Georgia,Computer vision,16,"RGB(81, 57, 124)"
font_4_sample_17_size_16.png,Georgia,Computer vision,16,"RGB(74, 13, 93)"
font_4_sample_18_size_16.png,Georgia,Computer vision,16,"RGB(36, 111, 118)"
font_4_sample_19_size_16.png,Georgia,Computer vision,16,"RGB(160, 52, 72)"
font_4_sample_20_size_16.png,Georgia,Natural language processing,16,"RGB(148, 91, 35)"
font_4_sample_21_size_16.png,Georgia,Deep learning,16,"RGB(38, 176, 120)"
font_4_sample_22_size_16.png,Georgia,Artificial intelligence,16,"RGB(148, 124, 25)"
font_4_sample_23_size_16.png,Georgia,Computer vision,16,"RGB(43, 165, 200)"
font_4_sample_24_size_16.png,Georgia,Natural language processing,16,"RGB(165, 187, 128)"
font_4_sample_25_size_16.png,Georgia,Neural networks,16,"RGB(63, 107, 95)"
font_4_sample_26_size_16.png,Georgia,Neural networks,16,"RGB(189, 104, 178)"
font_4_sample_27_size_16.png,Georgia,Natural language processing,16,"RGB(187, 146, 32)"
font_4_sample_28_size_16.png,Georgia,Computer vision,16,"RGB(48, 8, 137)"
font_4_sample_29_size_16.png,Georgia,Artificial intelligence,16,"RGB(169, 11, 151)"
font_4_sample_30_size_16.png,Georgia,Neural networks,16,"RGB(69, 176, 43)"
font_4_sample_31_size_16.png,Georgia,Natural language processing,16,"RGB(111, 133, 94)"
font_4_sample_32_size_16.png,Georgia,Artificial intelligence,16,"RGB(154, 196, 146)"
font_4_sample_33_size_16.png,Georgia,Computer vision,16,"RGB(122, 189, 193)"
font_4_sample_34_size_16.png,Georgia,Neural networks,16,"RGB(102, 174, 165)"
font_4_sample_35_size_16.png,Georgia,Computer vision,16,"RGB(24, 137, 16)"
font_4_sample_36_size_16.png,Georgia,Neural networks,16,"RGB(116, 45, 104)"
font_4_sample_37_size_16.png,Georgia,Natural language processing,16,"RGB(187, 101, 24)"
font_4_sample_38_size_16.png,Georgia,Natural language processing,16,"RGB(133, 185, 32)"
font_4_sample_39_size_16.png,Georgia,Artificial intelligence,16,"RGB(52, 122, 178)"
font_4_sample_40_size_16.png,Georgia,Computer vision,16,"RGB(93, 40, 9)"
font_4_sample_41_size_16.png,Georgia,Natural language processing,16,"RGB(30, 75, 123)"
font_4_sample_42_size_16.png,Georgia,Neural networks,16,"RGB(22, 71, 70)"
font_4_sample_43_size_16.png,Georgia,Artificial intelligence,16,"RGB(188, 173, 25)"
font_4_sample_44_size_16.png,Georgia,Neural networks,16,"RGB(135, 195, 38)"
font_4_sample_45_size_16.png,Georgia,Computer vision,16,"RGB(72, 152, 88)"
font_4_sample_46_size_16.png,Georgia,Neural networks,16,"RGB(16, 191, 139)"
font_4_sample_47_size_16.png,Georgia,Artificial intelligence,16,"RGB(84, 13, 116)"
font_4_sample_48_size_16.png,Georgia,Deep learning,16,"RGB(53, 30, 32)"
font_4_sample_49_size_16.png,Georgia,Natural language processing,16,"RGB(121, 183, 31)"
font_4_sample_50_size_16.png,Georgia,Computer vision,16,"RGB(89, 35, 62)"
font_4_sample_51_size_16.png,Georgia,Computer vision,16,"RGB(96, 130, 7)"
font_4_sample_52_size_16.png,Georgia,Computer vision,16,"RGB(200, 150, 111)"
font_4_sample_53_size_16.png,Georgia,Computer vision,16,"RGB(21, 87, 40)"
font_4_sample_54_size_16.png,Georgia,Natural language processing,16,"RGB(168, 136, 48)"
font_4_sample_55_size_16.png,Georgia,Natural language processing,16,"RGB(20, 136, 71)"
font_4_sample_56_size_16.png,Georgia,Neural networks,16,"RGB(98, 179, 146)"
font_4_sample_57_size_16.png,Georgia,Artificial intelligence,16,"RGB(25, 104, 103)"
font_4_sample_58_size_16.png,Georgia,Computer vision,16,"RGB(176, 49, 193)"
font_4_sample_59_size_16.png,Georgia,Neural networks,16,"RGB(10, 130, 34)"
font_4_sample_60_size_16.png,Georgia,Neural networks,16,"RGB(11, 182, 34)"
font_4_sample_61_size_16.png,Georgia,Natural language processing,16,"RGB(82, 15, 98)"
font_4_sample_62_size_16.png,Georgia,Neural networks,16,"RGB(183, 127, 32)"
font_4_sample_63_size_16.png,Georgia,Neural networks,16,"RGB(89, 82, 76)"
font_4_sample_64_size_16.png,Georgia,Computer vision,16,"RGB(29, 141, 104)"
font_4_sample_65_size_16.png,Georgia,Deep learning,16,"RGB(176, 127, 199)"
font_4_sample_66_size_16.png,Georgia,Neural networks,16,"RGB(39, 113, 38)"
font_4_sample_0_size_24.png,Georgia,Neural networks,24,"RGB(101, 10, 31)"
font_4_sample_1_size_24.png,Georgia,Deep learning,24,"RGB(110, 103, 194)"
font_4_sample_2_size_24.png,Georgia,Artificial intelligence,24,"RGB(109, 120, 170)"
font_4_sample_3_size_24.png,Georgia,Artificial intelligence,24,"RGB(177, 66, 102)"
font_4_sample_4_size_24.png,Georgia,Natural language processing,24,"RGB(180, 130, 148)"
font_4_sample_5_size_24.png,Georgia,Artificial intelligence,24,"RGB(46, 127, 61)"
font_4_sample_6_size_24.png,Georgia,Artificial intelligence,24,"RGB(173, 41, 194)"
font_4_sample_7_size_24.png,Georgia,Artificial intelligence,24,"RGB(124, 89, 91)"
font_4_sample_8_size_24.png,Georgia,Deep learning,24,"RGB(61, 26, 80)"
font_4_sample_9_size_24.png,Georgia,Computer vision,24,"RGB(159, 149, 174)"
font_4_sample_10_size_24.png,Georgia,Neural networks,24,"RGB(109, 30, 196)"
font_4_sample_11_size_24.png,Georgia,Deep learning,24,"RGB(26, 110, 69)"
font_4_sample_12_size_24.png,Georgia,Deep learning,24,"RGB(110, 28, 106)"
font_4_sample_13_size_24.png,Georgia,Deep learning,24,"RGB(157, 22, 88)"
font_4_sample_14_size_24.png,Georgia,Artificial intelligence,24,"RGB(187, 157, 185)"
font_4_sample_15_size_24.png,Georgia,Natural language processing,24,"RGB(158, 33, 77)"
font_4_sample_16_size_24.png,Georgia,Artificial intelligence,24,"RGB(105, 173, 13)"
font_4_sample_17_size_24.png,Georgia,Deep learning,24,"RGB(62, 169, 91)"
font_4_sample_18_size_24.png,Georgia,Artificial intelligence,24,"RGB(168, 164, 107)"
font_4_sample_19_size_24.png,Georgia,Natural language processing,24,"RGB(178, 186, 36)"
font_4_sample_20_size_24.png,Georgia,Deep learning,24,"RGB(127, 17, 193)"
font_4_sample_21_size_24.png,Georgia,Artificial intelligence,24,"RGB(117, 104, 69)"
font_4_sample_22_size_24.png,Georgia,Computer vision,24,"RGB(102, 22, 130)"
font_4_sample_23_size_24.png,Georgia,Natural language processing,24,"RGB(77, 67, 187)"
font_4_sample_24_size_24.png,Georgia,Natural language processing,24,"RGB(49, 151, 182)"
font_4_sample_25_size_24.png,Georgia,Deep learning,24,"RGB(76, 62, 119)"
font_4_sample_26_size_24.png,Georgia,Computer vision,24,"RGB(87, 28, 128)"
font_4_sample_27_size_24.png,Georgia,Neural networks,24,"RGB(74, 81, 161)"
font_4_sample_28_size_24.png,Georgia,Deep learning,24,"RGB(177, 175, 197)"
font_4_sample_29_size_24.png,Georgia,Computer vision,24,"RGB(64, 103, 51)"
font_4_sample_30_size_24.png,Georgia,Computer vision,24,"RGB(97, 193, 191)"
font_4_sample_31_size_24.png,Georgia,Computer vision,24,"RGB(21, 59, 80)"
font_4_sample_32_size_24.png,Georgia,Deep learning,24,"RGB(128, 165, 82)"
font_4_sample_33_size_24.png,Georgia,Artificial intelligence,24,"RGB(89, 119, 141)"
font_4_sample_34_size_24.png,Georgia,Artificial intelligence,24,"RGB(14, 5, 139)"
font_4_sample_35_size_24.png,Georgia,Natural language processing,24,"RGB(24, 68, 57)"
font_4_sample_36_size_24.png,Georgia,Neural networks,24,"RGB(2, 3, 128)"
font_4_sample_37_size_24.png,Georgia,Artificial intelligence,24,"RGB(42, 168, 1)"
font_4_sample_38_size_24.png,Georgia,Deep learning,24,"RGB(28, 158, 149)"
font_4_sample_39_size_24.png,Georgia,Neural networks,24,"RGB(33, 16, 73)"
font_4_sample_40_size_24.png,Georgia,Neural networks,24,"RGB(18, 81, 134)"
font_4_sample_41_size_24.png,Georgia,Natural language processing,24,"RGB(1, 143, 25)"
font_4_sample_42_size_24.png,Georgia,Computer vision,24,"RGB(130, 171, 163)"
font_4_sample_43_size_24.png,Georgia,Neural networks,24,"RGB(66, 45, 31)"
font_4_sample_44_size_24.png,Georgia,Natural language processing,24,"RGB(12, 18, 110)"
font_4_sample_45_size_24.png,Georgia,Deep learning,24,"RGB(150, 19, 66)"
font_4_sample_46_size_24.png,Georgia,Deep learning,24,"RGB(184, 72, 62)"
font_4_sample_47_size_24.png,Georgia,Deep learning,24,"RGB(89, 164, 14)"
font_4_sample_48_size_24.png,Georgia,Computer vision,24,"RGB(154, 131, 58)"
font_4_sample_49_size_24.png,Georgia,Neural networks,24,"RGB(66, 101, 37)"
font_4_sample_50_size_24.png,Georgia,Artificial intelligence,24,"RGB(99, 85, 89)"
font_4_sample_51_size_24.png,Georgia,Artificial intelligence,24,"RGB(10, 92, 19)"
font_4_sample_52_size_24.png,Georgia,Deep learning,24,"RGB(67, 106, 168)"
font_4_sample_53_size_24.png,Georgia,Natural language processing,24,"RGB(18, 25, 5)"
font_4_sample_54_size_24.png,Georgia,Deep learning,24,"RGB(115, 179, 129)"
font_4_sample_55_size_24.png,Georgia,Deep learning,24,"RGB(177, 101, 22)"
font_4_sample_56_size_24.png,Georgia,Artificial intelligence,24,"RGB(185, 75, 179)"
font_4_sample_57_size_24.png,Georgia,Natural language processing,24,"RGB(25, 72, 173)"
font_4_sample_58_size_24.png,Georgia,Neural networks,24,"RGB(58, 188, 34)"
font_4_sample_59_size_24.png,Georgia,Artificial intelligence,24,"RGB(182, 174, 186)"
font_4_sample_60_size_24.png,Georgia,Natural language processing,24,"RGB(177, 159, 74)"
font_4_sample_61_size_24.png,Georgia,Natural language processing,24,"RGB(86, 1, 4)"
font_4_sample_62_size_24.png,Georgia,Deep learning,24,"RGB(12, 100, 66)"
font_4_sample_63_size_24.png,Georgia,Neural networks,24,"RGB(88, 11, 165)"
font_4_sample_64_size_24.png,Georgia,Deep learning,24,"RGB(94, 9, 3)"
font_4_sample_65_size_24.png,Georgia,Natural language processing,24,"RGB(155, 25, 2)"
font_4_sample_66_size_24.png,Georgia,Neural networks,24,"RGB(17, 34, 83)"
font_4_sample_0_size_32.png,Georgia,Deep learning,32,"RGB(82, 57, 151)"
font_4_sample_1_size_32.png,Georgia,Deep learning,32,"RGB(61, 108, 141)"
font_4_sample_2_size_32.png,Georgia,Artificial intelligence,32,"RGB(190, 183, 104)"
font_4_sample_3_size_32.png,Georgia,Neural networks,32,"RGB(151, 166, 34)"
font_4_sample_4_size_32.png,Georgia,Natural language processing,32,"RGB(31, 28, 122)"
font_4_sample_5_size_32.png,Georgia,Artificial intelligence,32,"RGB(127, 110, 107)"
font_4_sample_6_size_32.png,Georgia,Natural language processing,32,"RGB(122, 34, 29)"
font_4_sample_7_size_32.png,Georgia,Computer vision,32,"RGB(96, 36, 82)"
font_4_sample_8_size_32.png,Georgia,Computer vision,32,"RGB(168, 138, 44)"
font_4_sample_9_size_32.png,Georgia,Computer vision,32,"RGB(94, 76, 165)"
font_4_sample_10_size_32.png,Georgia,Computer vision,32,"RGB(28, 174, 106)"
font_4_sample_11_size_32.png,Georgia,Artificial intelligence,32,"RGB(96, 108, 36)"
font_4_sample_12_size_32.png,Georgia,Natural language processing,32,"RGB(112, 169, 34)"
font_4_sample_13_size_32.png,Georgia,Computer vision,32,"RGB(94, 9, 63)"
font_4_sample_14_size_32.png,Georgia,Natural language processing,32,"RGB(124, 137, 47)"
font_4_sample_15_size_32.png,Georgia,Computer vision,32,"RGB(145, 137, 58)"
font_4_sample_16_size_32.png,Georgia,Deep learning,32,"RGB(82, 42, 164)"
font_4_sample_17_size_32.png,Georgia,Artificial intelligence,32,"RGB(133, 68, 81)"
font_4_sample_18_size_32.png,Georgia,Artificial intelligence,32,"RGB(109, 118, 164)"
font_4_sample_19_size_32.png,Georgia,Neural networks,32,"RGB(171, 130, 74)"
font_4_sample_20_size_32.png,Georgia,Neural networks,32,"RGB(45, 8, 105)"
font_4_sample_21_size_32.png,Georgia,Computer vision,32,"RGB(134, 1, 53)"
font_4_sample_22_size_32.png,Georgia,Neural networks,32,"RGB(49, 0, 25)"
font_4_sample_23_size_32.png,Georgia,Computer vision,32,"RGB(85, 151, 12)"
font_4_sample_24_size_32.png,Georgia,Artificial intelligence,32,"RGB(26, 87, 0)"
font_4_sample_25_size_32.png,Georgia,Natural language processing,32,"RGB(19, 111, 66)"
font_4_sample_26_size_32.png,Georgia,Deep learning,32,"RGB(152, 64, 109)"
font_4_sample_27_size_32.png,Georgia,Deep learning,32,"RGB(54, 199, 27)"
font_4_sample_28_size_32.png,Georgia,Deep learning,32,"RGB(14, 154, 6)"
font_4_sample_29_size_32.png,Georgia,Neural networks,32,"RGB(28, 176, 2)"
font_4_sample_30_size_32.png,Georgia,Deep learning,32,"RGB(156, 128, 192)"
font_4_sample_31_size_32.png,Georgia,Artificial intelligence,32,"RGB(94, 181, 196)"
font_4_sample_32_size_32.png,Georgia,Deep learning,32,"RGB(76, 146, 152)"
font_4_sample_33_size_32.png,Georgia,Natural language processing,32,"RGB(165, 15, 79)"
font_4_sample_34_size_32.png,Georgia,Natural language processing,32,"RGB(74, 72, 13)"
font_4_sample_35_size_32.png,Georgia,Artificial intelligence,32,"RGB(152, 94, 121)"
font_4_sample_36_size_32.png,Georgia,Natural language processing,32,"RGB(53, 124, 50)"
font_4_sample_37_size_32.png,Georgia,Natural language processing,32,"RGB(68, 183, 1)"
font_4_sample_38_size_32.png,Georgia,Neural networks,32,"RGB(151, 4, 97)"
font_4_sample_39_size_32.png,Georgia,Computer vision,32,"RGB(148, 135, 173)"
font_4_sample_40_size_32.png,Georgia,Deep learning,32,"RGB(19, 62, 200)"
font_4_sample_41_size_32.png,Georgia,Artificial intelligence,32,"RGB(130, 183, 131)"
font_4_sample_42_size_32.png,Georgia,Computer vision,32,"RGB(72, 79, 113)"
font_4_sample_43_size_32.png,Georgia,Natural language processing,32,"RGB(135, 10, 172)"
font_4_sample_44_size_32.png,Georgia,Artificial intelligence,32,"RGB(30, 114, 131)"
font_4_sample_45_size_32.png,Georgia,Neural networks,32,"RGB(6, 86, 2)"
font_4_sample_46_size_32.png,Georgia,Natural language processing,32,"RGB(171, 152, 188)"
font_4_sample_47_size_32.png,Georgia,Neural networks,32,"RGB(83, 124, 66)"
font_4_sample_48_size_32.png,Georgia,Computer vision,32,"RGB(133, 188, 81)"
font_4_sample_49_size_32.png,Georgia,Natural language processing,32,"RGB(139, 91, 78)"
font_4_sample_50_size_32.png,Georgia,Neural networks,32,"RGB(144, 135, 125)"
font_4_sample_51_size_32.png,Georgia,Computer vision,32,"RGB(7, 138, 142)"
font_4_sample_52_size_32.png,Georgia,Deep learning,32,"RGB(32, 98, 10)"
font_4_sample_53_size_32.png,Georgia,Computer vision,32,"RGB(191, 34, 13)"
font_4_sample_54_size_32.png,Georgia,Neural networks,32,"RGB(199, 27, 84)"
font_4_sample_55_size_32.png,Georgia,Computer vision,32,"RGB(173, 143, 115)"
font_4_sample_56_size_32.png,Georgia,Computer vision,32,"RGB(175, 102, 166)"
font_4_sample_57_size_32.png,Georgia,Deep learning,32,"RGB(19, 29, 171)"
font_4_sample_58_size_32.png,Georgia,Computer vision,32,"RGB(172, 87, 189)"
font_4_sample_59_size_32.png,Georgia,Neural networks,32,"RGB(18, 114, 18)"
font_4_sample_60_size_32.png,Georgia,Natural language processing,32,"RGB(41, 183, 93)"
font_4_sample_61_size_32.png,Georgia,Artificial intelligence,32,"RGB(97, 170, 15)"
font_4_sample_62_size_32.png,Georgia,Computer vision,32,"RGB(137, 121, 146)"
font_4_sample_63_size_32.png,Georgia,Computer vision,32,"RGB(188, 177, 166)"
font_4_sample_64_size_32.png,Georgia,Computer vision,32,"RGB(18, 83, 109)"
font_4_sample_65_size_32.png,Georgia,Natural language processing,32,"RGB(155, 138, 89)"
font_4_sample_66_size_32.png,Georgia,Computer vision,32,"RGB(147, 16, 56)"
